ticker;name;total_board_members;female_board_members;female_percentage
000001.SZ;PAB (Ping An Bank);13;2;15.4
000002.SZ;Vanke-A;8;1;12.5
000004.SZ;GH-Tech;5;1;20.0
000006.SZ;Shenzhen Zhenye Group;9;2;22.2
000007.SZ;Whole New Good;5;0;0.0
000008.SZ;CHSR;9;2;22.2
000009.SZ;China Baoan Group;10;2;20.0
000010.SZ;Ecobeauty;5;1;20.0
000011.SZ;PRD A;9;3;33.3
000012.SZ;CSG Group;9;3;33.3
000014.SZ;Shahe Industry;7;3;42.9
000016.SZ;Konka Group;8;0;0.0
000019.SZ;SBSY;8;2;25.0
000020.SZ;Huafa;7;2;28.6
000021.SZ;Kaifa;9;0;0.0
000025.SZ;Tellus;8;1;12.5
000026.SZ;Fiyta;9;1;11.1
000027.SZ;SEIC;9;1;11.1
000028.SZ;Sinopharm Accord;9;1;11.1
000029.SZ;SPG;9;0;0.0
000030.SZ;Fawer;11;2;18.2
000031.SZ;Joy City Hldg;9;2;22.2
000032.SZ;SED;9;2;22.2
000034.SZ;DC Holdings;10;2;20.0
000035.SZ;China Tianying;7;1;14.3
000036.SZ;UDC;7;0;0.0
000037.SZ;NSRD;8;1;12.5
000039.SZ;CIMC;9;2;22.2
000042.SZ;Centralcon Holding;9;2;22.2
000045.SZ;Shenzhen Textile;9;1;11.1
000048.SZ;Kingkey Smart Agri;8;0;0.0
000049.SZ;DesayBattery;9;0;0.0
000050.SZ;Tianma;12;3;25.0
000055.SZ;Fangda Group;7;1;14.3
000056.SZ;WYGJ;9;3;33.3
000058.SZ;SEGCL;7;2;28.6
000059.SZ;Huajin;9;1;11.1
000060.SZ;Nonfemet;9;1;11.1
000061.SZ;Shenzhen Agriculture Group;11;3;27.3
000062.SZ;Huaqiang Industry;9;1;11.1
000065.SZ;Norinco Internationa;9;1;11.1
000066.SZ;CGT Group;9;2;22.2
000068.SZ;Huakong SEG;9;2;22.2
000069.SZ;OCT Holding;4;0;0.0
000070.SZ;SDGI;9;1;11.1
000078.SZ;Neptunus;9;0;0.0
000088.SZ;Yantian Port;9;1;11.1
000089.SZ;SACL;9;2;22.2
000090.SZ;Tagen;9;0;0.0
000096.SZ;GJNY;10;0;0.0
000099.SZ;COHC;15;2;13.3
000100.SZ;TCL Tech;12;2;16.7
000151.SZ;Complant-Ltd;11;2;18.2
000153.SZ;Fengyuan Pharmaceuti;6;1;16.7
000155.SZ;SCC;7;0;0.0
000156.SZ;Wasu;12;5;41.7
000157.SZ;Zoomlion;8;1;12.5
000158.SZ;CSTEX;11;3;27.3
000159.SZ;XIIC;7;0;0.0
000166.SZ;SWHY;12;2;16.7
000301.SZ;CESM;7;0;0.0
000338.SZ;Weichai Power;14;2;14.3
000400.SZ;XJEC;8;1;12.5
000401.SZ;Jinyu Jidong;9;1;11.1
000402.SZ;Financial Street;9;0;0.0
000403.SZ;PLBIO;13;5;38.5
000404.SZ;HYCC;9;0;0.0
000407.SZ;SDSL;9;2;22.2
000408.SZ;Zangge Holding;9;2;22.2
000409.SZ;SDGM;11;2;18.2
000410.SZ;SMTCL;9;0;0.0
000411.SZ;Int'l Group;11;4;36.4
000415.SZ;Bohai Financial;9;1;11.1
000417.SZ;Herbai Group;8;1;12.5
000419.SZ;Tongcheng;9;4;44.4
000420.SZ;JLCF;11;2;18.2
000421.SZ;NJ Public Utilities;9;1;11.1
000422.SZ;HBYH;11;3;27.3
000423.SZ;DEEJ;9;3;33.3
000425.SZ;XCMG;9;2;22.2
000426.SZ;Xingye Silver&Tin;11;1;9.1
000428.SZ;Huatian Hotel;9;0;0.0
000429.SZ;GPED;12;1;8.3
000430.SZ;Zhang Lu Group;9;2;22.2
000488.SZ;SCPH;11;2;18.2
000498.SZ;Shandongroad&Bridge;9;1;11.1
000501.SZ;Wushang Group;11;3;27.3
000503.SZ;Searainbow;9;3;33.3
000504.SZ;CMI;7;4;57.1
000505.SZ;HN Pearl River;9;4;44.4
000506.SZ;CMB Gold;7;0;0.0
000507.SZ;ZPH;9;4;44.4
000509.SZ;Tony&Hasu;9;4;44.4
000510.SZ;Xinjinlu;10;1;10.0
000513.SZ;Livzon Group;9;3;33.3
000514.SZ;Yukaifa;6;0;0.0
000516.SZ;IMIC;9;2;22.2
000517.SZ;Rongan Property;6;0;0.0
000518.SZ;JSSH;5;1;20.0
000519.SZ;Jiangnan Red Arrow;9;0;0.0
000520.SZ;Phoenix;7;3;42.9
000521.SZ;HFML;9;2;22.2
000523.SZ;GHMC;7;0;0.0
000524.SZ;LN Holdings;7;4;57.1
000525.SZ;Redsun;9;2;22.2
000526.SZ;Xueda Education;8;2;25.0
000528.SZ;Liugong;12;2;16.7
000529.SZ;Guangdong Guanghong;7;0;0.0
000530.SZ;DRC;9;2;22.2
000531.SZ;Hengyun Enterprises;9;1;11.1
000532.SZ;Huajin Capital;11;3;27.3
000533.SZ;Shunna;9;2;22.2
000534.SZ;Wedge Corporation;7;1;14.3
000536.SZ;CPT Tech Group;9;1;11.1
000537.SZ;Green Power;9;1;11.1
000538.SZ;Yunnan Baiyao;12;1;8.3
000539.SZ;GED;10;1;10.0
000541.SZ;FSL;8;0;0.0
000543.SZ;Wenergy;9;0;0.0
000544.SZ;Zhongyuan En-Prot;7;1;14.3
000545.SZ;JPTY;5;3;60.0
000546.SZ;JYC;6;0;0.0
000547.SZ;Addsino;9;2;22.2
000548.SZ;HIG;11;3;27.3
000550.SZ;JMC;11;3;27.3
000551.SZ;CTS;9;3;33.3
000552.SZ;Jingyuan CE;9;0;0.0
000553.SZ;Adama A;7;0;0.0
000554.SZ;TSPC;11;2;18.2
000555.SZ;Techo Telecom;8;0;0.0
000557.SZ;Western Venture;10;1;10.0
000558.SZ;Tianfu Tourism;9;5;55.6
000559.SZ;WXQC;9;1;11.1
000560.SZ;5i5j;9;4;44.4
000561.SZ;FHEC;8;3;37.5
000563.SZ;SITI;10;1;10.0
000564.SZ;CCOOP Group;7;1;14.3
000565.SZ;CHQSXP;9;0;0.0
000566.SZ;Hainan Haiyao;9;3;33.3
000567.SZ;HDI;7;2;28.6
000568.SZ;Luzhou Lao Jiao;11;1;9.1
000570.SZ;Su Changchai;9;3;33.3
000571.SZ;Sundiro Holding;9;0;0.0
000572.SZ;Haima Automobile;9;0;0.0
000573.SZ;Winnerway;5;1;20.0
000576.SZ;GHSI;7;0;0.0
000581.SZ;Weifu High-Tech;11;3;27.3
000582.SZ;BBWPORT;9;2;22.2
000586.SZ;HYC;6;0;0.0
000589.SZ;GZT;9;1;11.1
000590.SZ;Guhan Pharma;7;1;14.3
000591.SZ;TYN;9;0;0.0
000592.SZ;Pingtan Development;5;1;20.0
000593.SZ;Baoguang Pharm.;7;1;14.3
000595.SZ;Baota Industry;6;0;0.0
000596.SZ;Gujing;9;1;11.1
000597.SZ;NEP;11;0;0.0
000598.SZ;XREC;9;2;22.2
000599.SZ;Doublestar;9;3;33.3
000600.SZ;JEI;9;1;11.1
000601.SZ;Shaoneng;8;1;12.5
000603.SZ;SDR;9;2;22.2
000605.SZ;BHWI;9;2;22.2
000607.SZ;Huamei Holding;6;0;0.0
000608.SZ;Yangguang;7;1;14.3
000609.SZ;Soft Rock;6;1;16.7
000610.SZ;XATC;8;4;50.0
000612.SZ;JZWF AL;9;4;44.4
000615.SZ;Aoyuan Beauty Valley;8;2;25.0
000617.SZ;CNPCCCL;7;0;0.0
000619.SZ;Conch New Material;9;0;0.0
000620.SZ;Yingxin Development;8;1;12.5
000623.SZ;JLAD;9;4;44.4
000625.SZ;Changan Automobile;8;0;0.0
000626.SZ;Grand Holding;14;2;14.3
000628.SZ;Hi-Tech Development;8;2;25.0
000629.SZ;PGVT;9;1;11.1
000630.SZ;TLYS;8;1;12.5
000631.SZ;SFHY;9;3;33.3
000632.SZ;Sanmu Group;7;1;14.3
000633.SZ;HJINV;6;1;16.7
000635.SZ;YLT;9;1;11.1
000636.SZ;Fenghua;11;0;0.0
000637.SZ;MPCSH;8;1;12.5
000638.SZ;Vanfund;8;4;50.0
000639.SZ;Xiwang;5;1;20.0
000650.SZ;RPC;9;3;33.3
000651.SZ;Gree;10;1;10.0
000652.SZ;Teda;7;1;14.3
000655.SZ;Jinling Mining;9;1;11.1
000656.SZ;Jinke;9;1;11.1
000657.SZ;China Tungsten Hig;9;2;22.2
000659.SZ;Zhuhai Zhongfu;6;0;0.0
000661.SZ;CCHN;9;2;22.2
000663.SZ;Yongan Forestry;6;1;16.7
000665.SZ;HBBTN;11;0;0.0
000668.SZ;Rong Feng Holding;7;2;28.6
000669.SZ;ST PCJEI;8;2;25.0
000670.SZ;Infotmic;5;1;20.0
000672.SZ;SFSN;9;3;33.3
000676.SZ;Genimous Technology;7;3;42.9
000677.SZ;Helon;8;1;12.5
000678.SZ;XY Bearing;9;0;0.0
000679.SZ;DFGC;9;3;33.3
000680.SZ;Shantui;10;3;30.0
000681.SZ;VCG;6;1;16.7
000682.SZ;Dongfang Electronics;9;0;0.0
000683.SZ;Boyuan Chemical;9;0;0.0
000685.SZ;ZPUG;8;1;12.5
000686.SZ;Northeast Securities;13;3;23.1
000688.SZ;Guocheng Mining;8;0;0.0
000690.SZ;Baonengyuan;9;2;22.2
000691.SZ;Yatai;9;2;22.2
000692.SZ;*ST Huitian Thermalpower;8;1;12.5
000695.SZ;TJBE;9;1;11.1
000697.SZ;Ligeance Mineral;8;2;25.0
000698.SZ;SY Chemical;9;3;33.3
000700.SZ;MPT;9;0;0.0
000701.SZ;Xindeco;9;1;11.1
000702.SZ;HNZHKJ;7;1;14.3
000703.SZ;HYPC;9;1;11.1
000705.SZ;Zhenyuan;12;3;25.0
000707.SZ;Shuanghuan Tech;9;2;22.2
000708.SZ;CITIC Pacific Special Steel;9;2;22.2
000709.SZ;Hebei Steel Corp.;11;0;0.0
000710.SZ;Tianxing;;;
000711.SZ;Kingland Technology;7;1;14.3
000712.SZ;Golden Dragon;9;4;44.4
000713.SZ;SDIC Fengle;9;2;22.2
000715.SZ;CDSCBGCL;9;2;22.2
000716.SZ;Black Sesame Seeds;9;1;11.1
000717.SZ;SGSS;7;2;28.6
000718.SZ;SUC;7;0;0.0
000719.SZ;CCLM;9;3;33.3
000720.SZ;LN&TS;10;1;10.0
000721.SZ;XAYS;9;1;11.1
000722.SZ;HNFZ;5;1;20.0
000723.SZ;Meijin Energy;9;2;22.2
000725.SZ;BOE;11;2;18.2
000726.SZ;Lutai Textile;12;3;25.0
000727.SZ;TPV Technology;9;2;22.2
000728.SZ;Guoyuan Securities;14;2;14.3
000729.SZ;Yanjing Brewery;6;0;0.0
000731.SZ;SCMF;7;2;28.6
000733.SZ;Zhenhua;7;3;42.9
000735.SZ;HKAIT;7;1;14.3
000736.SZ;CREC;7;2;28.6
000737.SZ;Nafine;9;0;0.0
000738.SZ;NF Space Navigation;13;0;0.0
000739.SZ;Apeloa Pharma.;9;2;22.2
000750.SZ;Sealand Securities;8;3;37.5
000751.SZ;HLD Zinc;9;1;11.1
000752.SZ;*ST Tibet Dev;9;2;22.2
000753.SZ;ZZDC;7;0;0.0
000755.SZ;Shanxi Expressway;8;1;12.5
000756.SZ;Xinhua Pharm;8;1;12.5
000757.SZ;Haowu;9;1;11.1
000758.SZ;NFC;7;1;14.3
000759.SZ;ZBJT;9;1;11.1
000761.SZ;BSP;9;2;22.2
000762.SZ;TMD;9;3;33.3
000766.SZ;Tonghua Golden Horse;9;5;55.6
000767.SZ;Jinkong Power;5;2;40.0
000768.SZ;AVIC XAC;11;1;9.1
000776.SZ;GF Securities;11;2;18.2
000777.SZ;Sufa;9;2;22.2
000778.SZ;Xinxing Pipes;7;1;14.3
000779.SZ;Gansu Engineering;7;1;14.3
000782.SZ;HSSM;11;1;9.1
000783.SZ;CJZQ;14;2;14.3
000785.SZ;Even Zhijia;15;3;20.0
000786.SZ;BNBMPLC;8;3;37.5
000788.SZ;PKU Healthcare;9;2;22.2
000789.SZ;Wannianqing;8;1;12.5
000790.SZ;Taihe Health;9;4;44.4
000791.SZ;GEPIC;9;1;11.1
000792.SZ;QHSLI;12;3;25.0
000793.SZ;Huawen;9;0;0.0
000795.SZ;Innuovo;9;1;11.1
000796.SZ;Caissa Tourism;11;4;36.4
000797.SZ;China Wuyi;9;2;22.2
000798.SZ;COFC;8;0;0.0
000799.SZ;JGJC;9;0;0.0
000800.SZ;FAW Jiefang;9;1;11.1
000801.SZ;Sichuan Jiuzhou;7;2;28.6
000802.SZ;BJ Ent;9;3;33.3
000803.SZ;SHREG;7;1;14.3
000807.SZ;YNALCO;11;1;9.1
000809.SZ;Hezon Energy;7;0;0.0
000810.SZ;SkyworthDT;9;0;0.0
000811.SZ;Yantai Moon;9;1;11.1
000812.SZ;Shaanxi Jin Ye;10;2;20.0
000813.SZ;Dezhan Healthcare;9;0;0.0
000815.SZ;Meili Cloud;7;0;0.0
000816.SZ;Smart Agriculture;7;1;14.3
000818.SZ;HJKJ;9;1;11.1
000819.SZ;Yueyang Xingchang;11;3;27.3
000820.SZ;Shenwu Energy Saving;9;1;11.1
000821.SZ;JSQJ;7;1;14.3
000822.SZ;SDHH;9;0;0.0
000823.SZ;Goworld;8;0;0.0
000825.SZ;STSS;11;0;0.0
000826.SZ;TUS-EST;9;0;0.0
000828.SZ;Dongguan Holdings;6;0;0.0
000829.SZ;Telling Holding;9;1;11.1
000830.SZ;Luxi Chemical;7;0;0.0
000831.SZ;ZGXT;7;1;14.3
000833.SZ;Guitang;9;2;22.2
000837.SZ;Qinchuan;8;2;25.0
000838.SZ;Casin;7;1;14.3
000839.SZ;GAN;7;2;28.6
000848.SZ;Chengdelolo;9;1;11.1
000850.SZ;Huamao Share;9;1;11.1
000852.SZ;Sofe;9;2;22.2
000856.SZ;Jidong Equipment;7;0;0.0
000858.SZ;Wuliangye;11;0;0.0
000859.SZ;Guofeng;8;1;12.5
000860.SZ;Shunxin Agriculture;9;2;22.2
000862.SZ;Yinxing;9;2;22.2
000863.SZ;Sanxiang Impression;8;1;12.5
000868.SZ;Ankai;9;0;0.0
000869.SZ;Changyu;14;3;21.4
000875.SZ;JPSC;9;0;0.0
000876.SZ;New Hope;9;5;55.6
000877.SZ;TSC;9;2;22.2
000878.SZ;YCC;11;0;0.0
000880.SZ;WCZJ;9;0;0.0
000881.SZ;CGNNT;9;2;22.2
000882.SZ;BHDS;9;5;55.6
000883.SZ;HEGC;8;0;0.0
000885.SZ;Tongli Cement;9;2;22.2
000886.SZ;HEC;7;3;42.9
000887.SZ;AHZHONGDING;8;2;25.0
000888.SZ;Emei Tourism;7;0;0.0
000889.SZ;ZJBC;7;0;0.0
000890.SZ;FASTEN;11;5;45.5
000892.SZ;STM;5;2;40.0
000893.SZ;Donlinks;9;2;22.2
000895.SZ;Shuanghui;10;1;10.0
000897.SZ;JBDC;9;1;11.1
000898.SZ;ANSC;8;1;12.5
000899.SZ;JXGNCL;10;2;20.0
000900.SZ;XD Investment;9;3;33.3
000901.SZ;AHTHGC;9;2;22.2
000902.SZ;Xinyangfeng Agricultural;9;1;11.1
000903.SZ;Yunnei Power;7;1;14.3
000905.SZ;XPD;9;1;11.1
000906.SZ;ZDG;9;0;0.0
000908.SZ;Jingfeng Pharmaceuti;11;3;27.3
000909.SZ;Soyea;5;1;20.0
000910.SZ;Dare Power Dekor;6;0;0.0
000911.SZ;NNSugar;9;1;11.1
000912.SZ;LTH;9;3;33.3
000913.SZ;QJMT;9;1;11.1
000915.SZ;Wit Dyne;9;2;22.2
000917.SZ;TIK;11;1;9.1
000919.SZ;Jinling Pharm.;9;3;33.3
000920.SZ;South Huiton;7;0;0.0
000921.SZ;Hisense H.A.;9;2;22.2
000922.SZ;JEMC;8;1;12.5
000923.SZ;XCMC;9;2;22.2
000925.SZ;United;11;2;18.2
000926.SZ;FXST;9;1;11.1
000927.SZ;TJFAW;10;0;0.0
000928.SZ;Sinosteel Entec;7;0;0.0
000929.SZ;Lanzhou Huanghe;9;4;44.4
000930.SZ;COFCO Biochemical;8;2;25.0
000931.SZ;Centek;9;3;33.3
000932.SZ;Valin Steel;9;1;11.1
000933.SZ;Shenhuo Coal Power;9;2;22.2
000935.SZ;Sichuan Shuangma;7;2;28.6
000936.SZ;H.X.C.;9;1;11.1
000937.SZ;JZEG;11;1;9.1
000938.SZ;UNIS;9;1;11.1
000948.SZ;Nantian;9;1;11.1
000949.SZ;Xinxiang Chemical;9;2;22.2
000950.SZ;CJFC;11;1;9.1
000951.SZ;CNHTC-JNTC;9;2;22.2
000952.SZ;Guangji Pharm;9;2;22.2
000953.SZ;HC Chemical;9;1;11.1
000955.SZ;XLKG;7;2;28.6
000957.SZ;ZTBH;9;1;11.1
000958.SZ;Electricity Integration;8;0;0.0
000959.SZ;BSGCO;9;4;44.4
000960.SZ;YTL;9;3;33.3
000962.SZ;OTIC;8;2;25.0
000963.SZ;HD Medicine;11;4;36.4
000965.SZ;TJTB;7;3;42.9
000966.SZ;Changyuan;9;1;11.1
000967.SZ;Infotech Group;9;1;11.1
000968.SZ;Blue Flame Holding;7;2;28.6
000969.SZ;AT&M;9;0;0.0
000970.SZ;Zhong Ke San Huan;9;1;11.1
000972.SZ;Chalkis;9;2;22.2
000973.SZ;FSPG;7;1;14.3
000975.SZ;Sanjin Intl;11;1;9.1
000977.SZ;LCXX;7;0;0.0
000978.SZ;GTCL;9;2;22.2
000980.SZ;HSJM;9;0;0.0
000981.SZ;Sensteed;11;2;18.2
000983.SZ;Shanxi Coking Coal;10;0;0.0
000985.SZ;DQHK;11;2;18.2
000987.SZ;YXCHC;11;0;0.0
000988.SZ;HGTECH;10;3;30.0
000989.SZ;JZT;9;1;11.1
000990.SZ;Chengzhi;8;2;25.0
000993.SZ;MEP;8;2;25.0
000995.SZ;*ST Huangtai Wine;8;2;25.0
000997.SZ;Newland;5;1;20.0
000998.SZ;LPHT;9;1;11.1
000999.SZ;CR Sanjiu;11;2;18.2
001201.SZ;Dongrui;9;1;11.1
001202.SZ;Guangdong Jushen Logistics;7;2;28.6
001203.SZ;Inner Mongolia Dazhong Mining;7;1;14.3
001205.SZ;Nanjing Shenghang Shipping;8;1;12.5
001206.SZ;Tianjin Yiyi Hygiene;14;6;42.9
001207.SZ;Link;5;0;0.0
001208.SZ;Hunan Valin Wire&Cable;9;2;22.2
001209.SZ;Guangdong Hongxing Industrial;9;3;33.3
001210.SZ;Jinfang Energy;9;3;33.3
001211.SZ;Suncha Technology;8;1;12.5
001212.SZ;Sinostone;7;2;28.6
001213.SZ;China Railway Special Cargo Logistics;8;0;0.0
001215.SZ;Zhengzhou Qianweiyangchu Food;8;1;12.5
001216.SZ;Hualian China;9;6;66.7
001217.SZ;HET;9;0;0.0
001218.SZ;Resun;9;3;33.3
001219.SZ;Qingdao Foods;7;3;42.9
001222.SZ;Wenzhou Yuanfei Pet Toy;7;1;14.3
001223.SZ;OK;9;2;22.2
001225.SZ;Hota;7;1;14.3
001226.SZ;Tuoshan;9;1;11.1
001227.SZ;Bank of Lanzhou;9;2;22.2
001228.SZ;Yongtaiyun Chemical Logistics;8;1;12.5
001229.SZ;Avcit;7;1;14.3
001230.SZ;Jinglv Environment;9;2;22.2
001231.SZ;Norsyn;9;2;22.2
001234.SZ;Times;9;5;55.6
001236.SZ;Holly Futures;8;1;12.5
001238.SZ;Zhengte;7;2;28.6
001239.SZ;Xiangtan Yongda Machinery;7;0;0.0
001255.SZ;Bofay;9;1;11.1
001256.SZ;Zhejiang Weigang Technology;8;2;25.0
001258.SZ;New Energy;9;2;22.2
001259.SZ;Leven;9;1;11.1
001260.SZ;Kuntai;7;2;28.6
001266.SZ;Shanghai Smart Control;8;3;37.5
001267.SZ;Hui Lyu Ecological;9;2;22.2
001268.SZ;Y.S.U;7;1;14.3
001269.SZ;OJ;9;1;11.1
001270.SZ;Zhejiang Chengchang Technology;9;1;11.1
001277.SZ;Speed;6;0;0.0
001278.SZ;Yibin Technology;9;3;33.3
001279.SZ;FB;7;1;14.3
001282.SZ;Wuhu Medisan Forging;7;2;28.6
001283.SZ;Highpower Technology;9;3;33.3
001286.SZ;Shaanxi Energy Investment;9;0;0.0
001287.SZ;CECPort;11;2;18.2
001288.SZ;ZGCMC;9;3;33.3
001289.SZ;Longyuan Power;9;2;22.2
001296.SZ;CCRMM;7;1;14.3
001298.SZ;Good Luck;9;2;22.2
001299.SZ;MNG;9;1;11.1
001300.SZ;Sportsoul;7;1;14.3
001301.SZ;Shangtaitech;6;1;16.7
001306.SZ;Xiasha Precision;7;1;14.3
001308.SZ;KTC;7;0;0.0
001309.SZ;Shenzhen Techwinsemi;7;1;14.3
001311.SZ;Chuzhou Duoli Automotive;9;3;33.3
001313.SZ;Guangdong Yuehai Feeds;7;2;28.6
001314.SZ;Emdoor Info;9;1;11.1
001316.SZ;Lubair;7;1;14.3
001317.SZ;San Yang Ma Logistics;7;2;28.6
001318.SZ;Jiangxi Sunshine Dairy;7;1;14.3
001319.SZ;Winstech;7;0;0.0
001322.SZ;Arrow;11;3;27.3
001323.SZ;DeRucci;9;1;11.1
001324.SZ;Evergreen Technology;9;4;44.4
001326.SZ;SNC;9;2;22.2
001328.SZ;Dencare;9;2;22.2
001330.SZ;Bona;6;0;0.0
001331.SZ;Senton Energy;7;1;14.3
001332.SZ;WCE;8;0;0.0
001333.SZ;Khua;7;1;14.3
001335.SZ;Xinkai Technology;7;0;0.0
001336.SZ;Chuhuan Science and Technology;9;1;11.1
001337.SZ;Sichuan Rongda Gold;12;0;0.0
001338.SZ;GSGCL;9;0;0.0
001339.SZ;JWIPC;6;2;33.3
001356.SZ;Fuling;8;2;25.0
001358.SZ;Xingxin;7;2;28.6
001359.SZ;Pamica;9;0;0.0
001360.SZ;NMS;8;0;0.0
001366.SZ;Boen;7;0;0.0
001367.SZ;Haisen Pharm;7;2;28.6
001368.SZ;Tongda Smart Tech;5;0;0.0
001373.SZ;Jiangsu Topfly New Materials;5;1;20.0
001376.SZ;Bestoo Energy;5;1;20.0
001378.SZ;Decro New Materials;9;2;22.2
001379.SZ;Tengda Technology;9;1;11.1
001380.SZ;Hwaway Technology;9;3;33.3
001382.SZ;Sunasia Cable;7;2;28.6
001387.SZ;Snowky;8;2;25.0
001389.SZ;Guanghe Technology;7;4;57.1
001391.SZ;CAL;15;1;6.7
001395.SZ;Asialum;9;0;0.0
001400.SZ;JSST;7;2;28.6
001696.SZ;Zong Shen Power;9;1;11.1
001872.SZ;CM Port Group;12;1;8.3
001896.SZ;YNHC;7;1;14.3
001914.SZ;CMPO;11;3;27.3
001965.SZ;China Merchants Expressway;12;2;16.7
001979.SZ;CMSK;9;2;22.2
002001.SZ;NHU;11;0;0.0
002003.SZ;Weixing;9;3;33.3
002004.SZ;Huapont Life Sciences;6;0;0.0
002005.SZ;ETI;5;0;0.0
002006.SZ;Jinggong Integration;9;1;11.1
002007.SZ;Hualan Bio;9;5;55.6
002008.SZ;Han's Laser;12;3;25.0
002009.SZ;Miracle Logistics;8;0;0.0
002010.SZ;Transfar Zhilian;8;1;12.5
002011.SZ;Dun'an Environmental;9;2;22.2
002012.SZ;KAN;5;1;20.0
002014.SZ;Novel;15;4;26.7
002015.SZ;GCLET;9;1;11.1
002016.SZ;SRZY;6;2;33.3
002017.SZ;Eastcompeace;9;0;0.0
002019.SZ;Yifan Pharm;6;2;33.3
002020.SZ;Jingxin;10;4;40.0
002021.SZ;ZJR;6;2;33.3
002022.SZ;KHB;9;0;0.0
002023.SZ;Haite;9;2;22.2
002024.SZ;ST Suning Commerce;8;0;0.0
002025.SZ;SACO;9;0;0.0
002026.SZ;Shandong Weida;9;1;11.1
002027.SZ;Focus Media;7;2;28.6
002028.SZ;Sieyuan;7;0;0.0
002029.SZ;Septwolves;9;2;22.2
002030.SZ;DAJY;11;3;27.3
002031.SZ;Greatoo Intelligent;7;0;0.0
002032.SZ;Supor;9;3;33.3
002033.SZ;Lijiang Tourism;11;3;27.3
002034.SZ;Mizuda;9;0;0.0
002035.SZ;Vatti;7;0;0.0
002036.SZ;Lianchuang Electron;9;2;22.2
002037.SZ;Poly Union;5;0;0.0
002038.SZ;SL Pharm;6;4;66.7
002039.SZ;Qianyuan Power;11;3;27.3
002040.SZ;Nanjing Port;8;1;12.5
002041.SZ;Denghai Seeds;9;6;66.7
002042.SZ;Huafu;9;1;11.1
002043.SZ;Dehua TB;9;2;22.2
002044.SZ;Meinian Onehealth;9;2;22.2
002045.SZ;GGEC;7;1;14.3
002046.SZ;Bearing-Sci&Tech.;8;0;0.0
002047.SZ;Bauing Decoration;8;1;12.5
002048.SZ;NBHX;5;0;0.0
002049.SZ;Guoxin Micro;9;1;11.1
002050.SZ;Sanhua;10;1;10.0
002051.SZ;CAMCE;9;2;22.2
002052.SZ;Coship;5;1;20.0
002053.SZ;YEIC;8;2;25.0
002054.SZ;Dymatic Chem;9;2;22.2
002055.SZ;Deren;8;2;25.0
002056.SZ;DMEGC;9;1;11.1
002057.SZ;Tianyuan Technology;9;1;11.1
002058.SZ;Welltech;9;3;33.3
002059.SZ;Yunnan Tourism;8;0;0.0
002060.SZ;GCEG;7;0;0.0
002061.SZ;Zhejiang Comm.Tech.;11;2;18.2
002062.SZ;Hongrun;9;1;11.1
002063.SZ;YGSoft;11;2;18.2
002064.SZ;Huafeng Spandex;9;1;11.1
002065.SZ;DHCC;9;3;33.3
002066.SZ;Ruitai Technology;9;1;11.1
002067.SZ;Jing Xing Paper;9;3;33.3
002068.SZ;BCCB;9;1;11.1
002069.SZ;DZF;11;1;9.1
002072.SZ;Kairuide;7;2;28.6
002073.SZ;Mesnac;7;2;28.6
002074.SZ;GXHT;11;1;9.1
002075.SZ;Shaganggufen;7;1;14.3
002076.SZ;Xingguang;5;1;20.0
002077.SZ;Jiangsu Dagang;7;2;28.6
002078.SZ;Sun Paper;9;3;33.3
002079.SZ;Good-Ark;9;2;22.2
002080.SZ;Sinomatech;7;1;14.3
002081.SZ;Gold Mantis;7;2;28.6
002082.SZ;DLXC;9;3;33.3
002083.SZ;Sunvim;9;1;11.1
002084.SZ;Seagull;9;1;11.1
002085.SZ;Wanfeng Auto Wheel;9;3;33.3
002086.SZ;Oriental Ocean;8;0;0.0
002088.SZ;LYEM;15;3;20.0
002090.SZ;Wiscom;9;1;11.1
002091.SZ;JSGT;9;1;11.1
002092.SZ;Zhongtai Chemical;8;2;25.0
002093.SZ;GMTech;7;0;0.0
002094.SZ;Kingking;8;2;25.0
002095.SZ;Netsun;9;1;11.1
002096.SZ;HNNL IEMC;8;0;0.0
002097.SZ;Sunward Intelligent;11;0;0.0
002098.SZ;SBS;11;1;9.1
002099.SZ;Hisoar;9;1;11.1
002100.SZ;TCSW;7;1;14.3
002101.SZ;Guangdong Hongtu;11;1;9.1
002102.SZ;Nenter;8;2;25.0
002103.SZ;Guangbo Shares;9;1;11.1
002104.SZ;Hengbao;9;5;55.6
002105.SZ;XLJK;11;2;18.2
002106.SZ;Laibao Hi-Tech;12;1;8.3
002107.SZ;WHYY;9;3;33.3
002108.SZ;Cangzhou Mingzhu;9;1;11.1
002109.SZ;Xinghua Chemistry;9;1;11.1
002110.SZ;Sansteel Minguang;9;2;22.2
002111.SZ;Guangtai;9;1;11.1
002112.SZ;Sanbian Sci-Tech;7;0;0.0
002114.SZ;LPXD;6;2;33.3
002115.SZ;Sunwave;5;0;0.0
002116.SZ;Haisum;12;5;41.7
002117.SZ;Tungkong;5;1;20.0
002119.SZ;Ningbo Kangqiang;7;4;57.1
002120.SZ;Yunda Corp;9;2;22.2
002121.SZ;SZCLOU;11;1;9.1
002122.SZ;Huizhou ITG;9;3;33.3
002123.SZ;Montnets Group;7;2;28.6
002124.SZ;Tianbang Foods;7;0;0.0
002125.SZ;XTEMD;9;4;44.4
002126.SZ;Yinlun;9;0;0.0
002127.SZ;Nanji E-Commerce;7;3;42.9
002128.SZ;Opencut Coal;12;1;8.3
002129.SZ;TCL CMC;9;1;11.1
002130.SZ;Woer;9;3;33.3
002131.SZ;LEO;7;2;28.6
002132.SZ;Hengxing;9;2;22.2
002133.SZ;Cosmos;9;3;33.3
002134.SZ;Tianjin Printronics;8;4;50.0
002135.SZ;Sespace;9;2;22.2
002136.SZ;Andty;6;0;0.0
002137.SZ;Mindata;5;1;20.0
002138.SZ;Sunlord;9;3;33.3
002139.SZ;Topband;7;0;0.0
002140.SZ;DHKJ;9;0;0.0
002141.SZ;Infund Holding;7;1;14.3
002142.SZ;Bank of Ningbo;14;2;14.3
002144.SZ;Hongda High-Tech;9;2;22.2
002145.SZ;Titanium Energy Chemical;9;4;44.4
002146.SZ;Risesun;9;0;0.0
002148.SZ;Bewinner Tech;5;1;20.0
002149.SZ;WMM;9;1;11.1
002151.SZ;BDStar Navigation;7;2;28.6
002152.SZ;GRGBanking;9;3;33.3
002153.SZ;Shiji Information;7;2;28.6
002154.SZ;Baoxiniao;7;4;57.1
002155.SZ;Hunan Gold;5;1;20.0
002156.SZ;TFME;9;2;22.2
002157.SZ;*ST Zhengbang Tech;6;2;33.3
002158.SZ;Hanbell;9;1;11.1
002159.SZ;Sante Cableways;9;3;33.3
002160.SZ;Alcha;9;3;33.3
002161.SZ;Invengo;6;0;0.0
002162.SZ;Everjoy;9;2;22.2
002163.SZ;CAS;9;4;44.4
002164.SZ;Donly;7;2;28.6
002165.SZ;Hongbaoli;9;0;0.0
002166.SZ;Layn;8;3;37.5
002167.SZ;Orient Zirconic;7;1;14.3
002168.SZ;Hifuture Technology;5;1;20.0
002169.SZ;Zhiguang Electric;9;0;0.0
002170.SZ;Batian;9;2;22.2
002171.SZ;Truchum;7;1;14.3
002172.SZ;Aoyang Technology;9;2;22.2
002173.SZ;Innovation Medical;9;0;0.0
002174.SZ;Youzu;9;1;11.1
002175.SZ;Oriental Network;9;4;44.4
002176.SZ;Jiangte Motor;7;1;14.3
002177.SZ;Kingteller;5;1;20.0
002178.SZ;Yanhua Smartech;8;5;62.5
002179.SZ;Jonhon;9;2;22.2
002180.SZ;Ninestar;9;2;22.2
002181.SZ;Guangdong Media;9;6;66.7
002182.SZ;Baowu Magnesium;11;3;27.3
002183.SZ;EA;7;1;14.3
002184.SZ;Hite Control;7;1;14.3
002185.SZ;Hua Tian;9;1;11.1
002186.SZ;Quanjude;8;4;50.0
002187.SZ;Grandbuy;7;1;14.3
002188.SZ;Zhongtian Service;9;2;22.2
002189.SZ;Lida;10;2;20.0
002190.SZ;CITC;9;1;11.1
002191.SZ;Jinjia;11;3;27.3
002192.SZ;Youngy;6;2;33.3
002194.SZ;Fingu;9;2;22.2
002195.SZ;Rock Biotech;9;3;33.3
002196.SZ;Founder Motor;9;4;44.4
002197.SZ;SZZT;5;0;0.0
002198.SZ;JYPC;9;0;0.0
002199.SZ;ECEC;9;4;44.4
002200.SZ;Transtech Ecology;9;1;11.1
002201.SZ;Jiuding;11;2;18.2
002202.SZ;Goldwind;9;2;22.2
002203.SZ;Hailiang;10;1;10.0
002204.SZ;DHHI;9;2;22.2
002205.SZ;Guotong;9;1;11.1
002206.SZ;Hailide;7;0;0.0
002207.SZ;XZPT;9;2;22.2
002208.SZ;HUCD;10;1;10.0
002209.SZ;Tech-Long;7;2;28.6
002210.SZ;Feima Int'l;5;0;0.0
002211.SZ;Hongda New Material;5;0;0.0
002212.SZ;Nanyang Holding;9;1;11.1
002213.SZ;Terca;7;3;42.9
002214.SZ;Dali Tech;8;0;0.0
002215.SZ;Noposion;6;0;0.0
002216.SZ;Sanquan Foods;9;5;55.6
002217.SZ;Holitech;9;4;44.4
002218.SZ;Topraysolar;9;4;44.4
002219.SZ;New Journey;11;6;54.5
002221.SZ;DHE;7;3;42.9
002222.SZ;Castech;9;3;33.3
002223.SZ;Yuyue Medical;9;5;55.6
002224.SZ;Sanlux;7;2;28.6
002225.SZ;PRCO;9;0;0.0
002226.SZ;Jiangnan Chemical;9;1;11.1
002227.SZ;ATC;9;3;33.3
002228.SZ;HXPP;7;2;28.6
002229.SZ;Hongbo Printing;7;1;14.3
002230.SZ;iFlytek;12;2;16.7
002231.SZ;Allwill Telecom;;;
002232.SZ;Qiming IT;9;0;0.0
002233.SZ;Tapai Group;9;1;11.1
002234.SZ;Minhe;9;1;11.1
002235.SZ;Anne;7;3;42.9
002236.SZ;Dahua Inc;9;1;11.1
002237.SZ;Humon Share;9;1;11.1
002238.SZ;Topway;11;2;18.2
002239.SZ;Aotecar;9;1;11.1
002240.SZ;Weihua;10;2;20.0
002241.SZ;Goertek;9;2;22.2
002242.SZ;Joyoung;7;3;42.9
002243.SZ;Beautystar;9;0;0.0
002244.SZ;Binjiang Group;5;0;0.0
002245.SZ;Azure;6;0;0.0
002247.SZ;Dilon;6;0;0.0
002248.SZ;WHHD;9;0;0.0
002249.SZ;DYDJ;11;4;36.4
002250.SZ;Lianhe Technology;7;2;28.6
002251.SZ;Better Life;9;2;22.2
002252.SZ;Shanghai RAAS;11;5;45.5
002253.SZ;Wisesoft;7;1;14.3
002254.SZ;GZYK;11;2;18.2
002255.SZ;Hailu Heavy Industry;7;1;14.3
002256.SZ;Rainbow;7;5;71.4
002258.SZ;Lier Chemical;9;2;22.2
002259.SZ;Shengda Forestry;9;2;22.2
002261.SZ;Talkweb;9;2;22.2
002262.SZ;NHWA;10;1;10.0
002263.SZ;Great Southeast;7;1;14.3
002264.SZ;New Hua Du;6;1;16.7
002265.SZ;Building Industry;9;0;0.0
002266.SZ;Zhe Fu;10;1;10.0
002267.SZ;Shaanxi Natural Gas;11;1;9.1
002268.SZ;Westone;9;2;22.2
002269.SZ;Metersbonwe;7;0;0.0
002270.SZ;Huaming;10;1;10.0
002272.SZ;Crun;9;2;22.2
002273.SZ;ZQCOT;12;2;16.7
002274.SZ;Huachang Chemical;9;2;22.2
002275.SZ;GLSJ;9;1;11.1
002276.SZ;Wanma;9;2;22.2
002277.SZ;HN.F&A;8;3;37.5
002278.SZ;Shanghai Shenkai;9;3;33.3
002279.SZ;Join-Cheer;7;0;0.0
002281.SZ;Accelink;11;2;18.2
002282.SZ;Bosun;9;0;0.0
002283.SZ;Tianrun Industry;9;3;33.3
002284.SZ;APG Stock;9;2;22.2
002285.SZ;SLH;10;3;30.0
002286.SZ;Baolingbao;8;3;37.5
002287.SZ;Cheezhengttm;7;1;14.3
002289.SZ;Success;7;3;42.9
002291.SZ;Yowant Technology;7;2;28.6
002292.SZ;Alpha Group;7;0;0.0
002293.SZ;Luolai;7;1;14.3
002294.SZ;Salubris;9;2;22.2
002295.SZ;Jingyi Inc;9;3;33.3
002296.SZ;Huihuang;5;0;0.0
002297.SZ;Boyun;9;1;11.1
002298.SZ;CLP Xinlong;9;1;11.1
002299.SZ;Sunner;9;2;22.2
002300.SZ;Sun Cable;12;2;16.7
002301.SZ;Comix Group;9;2;22.2
002302.SZ;West Construction;9;2;22.2
002303.SZ;MYS;5;1;20.0
002304.SZ;Yanghe;9;0;0.0
002305.SZ;Langold Real Estate;7;1;14.3
002306.SZ;CLTG;9;2;22.2
002307.SZ;Beixin;9;3;33.3
002309.SZ;Zhongli Sci-Tech;9;1;11.1
002310.SZ;Zhejiang Orient New Energy;9;2;22.2
002311.SZ;Haid Group;7;0;0.0
002312.SZ;SD Lomon;8;2;25.0
002313.SZ;*ST Sunsea;7;0;0.0
002314.SZ;Nanshan Holding;9;2;22.2
002315.SZ;Focus Tech.;9;3;33.3
002316.SZ;Keybridge;8;3;37.5
002317.SZ;Zhongshengyaoye;9;4;44.4
002318.SZ;Jiuli Inc.;11;2;18.2
002319.SZ;Letong Share;7;2;28.6
002320.SZ;Strait Shipping;11;3;27.3
002321.SZ;Huaying Agricultural;9;1;11.1
002322.SZ;Ligong Environment;9;2;22.2
002323.SZ;Yabo;9;4;44.4
002324.SZ;Pret;7;0;0.0
002326.SZ;Yongtai Technology;9;4;44.4
002327.SZ;Fuanna;9;3;33.3
002328.SZ;Xinpeng;9;0;0.0
002329.SZ;Royal Group;9;3;33.3
002330.SZ;Delisi;7;3;42.9
002331.SZ;Wantong Tech;9;3;33.3
002332.SZ;XJZY;9;2;22.2
002333.SZ;LPSK;7;4;57.1
002334.SZ;INVT;9;1;11.1
002335.SZ;Kehua Hengsheng;8;2;25.0
002337.SZ;TST;5;1;20.0
002338.SZ;UP Optotech;9;2;22.2
002339.SZ;IESLAB;11;1;9.1
002340.SZ;GEM;7;2;28.6
002342.SZ;Juli Inc.;8;3;37.5
002343.SZ;Ciwen;8;2;25.0
002344.SZ;CHN Leather Market;9;1;11.1
002345.SZ;CHJ;11;2;18.2
002346.SZ;Zhezhong Group;5;0;0.0
002347.SZ;Taier Heavy Industry;9;2;22.2
002348.SZ;Goldlok Holdings;7;2;28.6
002349.SZ;Jinghua Pharm;9;2;22.2
002350.SZ;Creat;9;2;22.2
002351.SZ;Edifier;11;2;18.2
002352.SZ;SF Holding;6;1;16.7
002353.SZ;Jereh Group;9;2;22.2
002354.SZ;Tianyu Group;9;1;11.1
002355.SZ;Xingmin ITS;7;3;42.9
002356.SZ;HMJT;9;4;44.4
002357.SZ;Fulin Transportation;9;1;11.1
002358.SZ;Senyuan Electric;9;1;11.1
002360.SZ;Tond;9;1;11.1
002361.SZ;Shenjian Gufen;7;1;14.3
002362.SZ;Hanvon;12;5;41.7
002363.SZ;LJJX;6;2;33.3
002364.SZ;Zhongheng Electric;7;2;28.6
002365.SZ;Yongan Inc.;7;0;0.0
002366.SZ;RFNE;7;2;28.6
002367.SZ;KLDT;9;3;33.3
002368.SZ;Taiji;8;1;12.5
002369.SZ;Zowee;7;0;0.0
002370.SZ;Yatai Pharm;9;3;33.3
002371.SZ;NAURA;11;4;36.4
002372.SZ;Weixing NBM;9;3;33.3
002373.SZ;CTFO;9;3;33.3
002374.SZ;Chiway;9;1;11.1
002375.SZ;Yasha;5;1;20.0
002376.SZ;SNBC;9;1;11.1
002377.SZ;Guochuang Hi-Tech;9;2;22.2
002378.SZ;Zhangyuan Tungsten;9;3;33.3
002379.SZ;Loften;9;3;33.3
002380.SZ;Keyuan Corporation;7;2;28.6
002381.SZ;Double Arrow;9;2;22.2
002382.SZ;Blue Sail Medical;8;2;25.0
002383.SZ;Unistrong;7;0;0.0
002384.SZ;DSBJ;11;1;9.1
002385.SZ;DBN;9;3;33.3
002386.SZ;YBTY;10;3;30.0
002387.SZ;Visionox;7;2;28.6
002388.SZ;Sunyes;8;3;37.5
002389.SZ;Nanyang Tech;9;2;22.2
002390.SZ;Xinbang Phar.;8;5;62.5
002391.SZ;Changqing;8;0;0.0
002392.SZ;BJLE;11;1;9.1
002393.SZ;Lishengpharma;9;5;55.6
002394.SZ;Jiangsu Lianfa;9;1;11.1
002395.SZ;Double Elephant;7;1;14.3
002396.SZ;Star-Net;9;2;22.2
002397.SZ;Null;7;2;28.6
002398.SZ;LETS;9;2;22.2
002399.SZ;Hepalink;7;1;14.3
002400.SZ;GDAD;6;2;33.3
002401.SZ;COSCO Ship Tech;9;1;11.1
002402.SZ;H&T Intelligent;9;2;22.2
002403.SZ;ASD;7;2;28.6
002404.SZ;Jiaxin Silk;9;1;11.1
002405.SZ;NavInfo;9;1;11.1
002406.SZ;Yuandong Drive Shaft;9;2;22.2
002407.SZ;DFD;9;3;33.3
002408.SZ;Qixiang Tengda;9;2;22.2
002409.SZ;Yoke Technology;9;2;22.2
002410.SZ;Glodon;9;1;11.1
002412.SZ;Hansen;7;3;42.9
002413.SZ;LKDF;9;1;11.1
002414.SZ;Guide Infrared;7;2;28.6
002416.SZ;Aisidi;6;1;16.7
002418.SZ;Kasun;9;1;11.1
002419.SZ;Rainbow Dept. Store;9;2;22.2
002420.SZ;Echom;6;0;0.0
002421.SZ;DAS;9;1;11.1
002422.SZ;Kelun Pharma;9;1;11.1
002423.SZ;ZYSCO;7;2;28.6
002424.SZ;GZBL;8;1;12.5
002425.SZ;Kaiser;9;1;11.1
002426.SZ;Victory Precision;6;4;66.7
002427.SZ;Unifull;9;1;11.1
002428.SZ;Yunnan Germanium;7;1;14.3
002429.SZ;MTC;9;1;11.1
002430.SZ;Hangyang Limited;9;1;11.1
002431.SZ;Palm;9;1;11.1
002432.SZ;Andon Health;6;2;33.3
002434.SZ;Wanliyang;9;3;33.3
002436.SZ;Fastprint;7;2;28.6
002437.SZ;Gloria Pharm;8;4;50.0
002438.SZ;Shentong Valve;9;3;33.3
002439.SZ;Venustech;9;3;33.3
002440.SZ;Runtu;9;1;11.1
002441.SZ;Zhongyeda;9;0;0.0
002442.SZ;LX Technology;9;3;33.3
002443.SZ;Kingland Pipeline;7;2;28.6
002444.SZ;Greatstar;9;6;66.7
002445.SZ;ZNHI;9;1;11.1
002446.SZ;Shenglu;7;0;0.0
002448.SZ;ZYNP;9;1;11.1
002449.SZ;Nationstar;9;0;0.0
002451.SZ;Morn Electric;7;2;28.6
002452.SZ;CGJT;9;2;22.2
002453.SZ;GCS Tech;7;0;0.0
002454.SZ;Songz;9;1;11.1
002455.SZ;BCC;7;0;0.0
002456.SZ;O-Film;7;1;14.3
002457.SZ;QLPipesIndustry;9;0;0.0
002458.SZ;Yisheng;7;2;28.6
002459.SZ;JA Solar;8;2;25.0
002460.SZ;Ganfeng Lithium;11;3;27.3
002461.SZ;Pearl River;8;0;0.0
002462.SZ;Cachet;9;2;22.2
002463.SZ;HDGF;11;2;18.2
002465.SZ;Haige Communications;9;1;11.1
002466.SZ;TLC;6;2;33.3
002467.SZ;Net263;7;1;14.3
002468.SZ;IDC;7;1;14.3
002469.SZ;Sunway;10;1;10.0
002470.SZ;Kingenta;9;0;0.0
002471.SZ;Zhong Chao Holding;5;4;80.0
002472.SZ;Shuanghuan Dr.;9;1;11.1
002474.SZ;Rongji Software;9;1;11.1
002475.SZ;LXJM;8;3;37.5
002476.SZ;Shandong Polymer;7;1;14.3
002478.SZ;Changbao;7;2;28.6
002479.SZ;Fuchun EP;9;3;33.3
002480.SZ;Xinzhu Corporation;9;2;22.2
002481.SZ;Shuangta Food;9;3;33.3
002482.SZ;Grandland Group;8;2;25.0
002483.SZ;RBGF;9;1;11.1
002484.SZ;JHCC;9;1;11.1
002485.SZ;*ST Sinoer;9;3;33.3
002486.SZ;Shanghai Challenge;9;4;44.4
002487.SZ;Dajin;9;3;33.3
002488.SZ;Jingu;9;0;0.0
002489.SZ;Yotrio;9;3;33.3
002490.SZ;Shandong Molong;9;1;11.1
002491.SZ;TDII;9;0;0.0
002492.SZ;Winbase;7;2;28.6
002493.SZ;RSPC;9;3;33.3
002494.SZ;HuaSi;7;3;42.9
002495.SZ;Jialong;6;2;33.3
002496.SZ;Huifeng;9;2;22.2
002497.SZ;Yahua Group;9;2;22.2
002500.SZ;Shanxi Securities;10;2;20.0
002501.SZ;LYPM;6;2;33.3
002506.SZ;XXJC;9;1;11.1
002507.SZ;Fuling Zhacai;10;2;20.0
002508.SZ;Robam Appliances;9;0;0.0
002510.SZ;TQM;7;2;28.6
002511.SZ;C&S;9;1;11.1
002512.SZ;TWH;9;0;0.0
002513.SZ;LFBC;8;1;12.5
002514.SZ;Boamax;5;3;60.0
002515.SZ;Jinzi Ham;7;3;42.9
002516.SZ;KDTech;7;2;28.6
002517.SZ;Taiya;9;1;11.1
002518.SZ;Kstar;7;3;42.9
002519.SZ;YHDZ;5;1;20.0
002520.SZ;Rifa PM;7;1;14.3
002521.SZ;Qifeng New Material;7;1;14.3
002522.SZ;Zhejiang Zhongcheng;9;1;11.1
002523.SZ;TQCC;11;0;0.0
002524.SZ;GZJT;9;1;11.1
002526.SZ;SMM;9;0;0.0
002527.SZ;Step;9;3;33.3
002528.SZ;Infinova;7;1;14.3
002529.SZ;HYM;9;2;22.2
002530.SZ;JC Interconnect;7;1;14.3
002531.SZ;Titan;7;1;14.3
002532.SZ;Shimge Pump;7;1;14.3
002533.SZ;Goldcup;9;1;11.1
002534.SZ;XZCE;10;2;20.0
002535.SZ;LZZJ;7;1;14.3
002536.SZ;FLAC;9;0;0.0
002537.SZ;Haili Metal One;5;3;60.0
002538.SZ;Sierte Fertilizer;9;1;11.1
002539.SZ;Wintrue Holding;7;1;14.3
002540.SZ;Apalt;5;1;20.0
002541.SZ;Honglu;5;1;20.0
002542.SZ;CGE;9;1;11.1
002543.SZ;Vanward Electric;9;2;22.2
002544.SZ;Jiesai;9;1;11.1
002545.SZ;East Steel Tower;9;3;33.3
002546.SZ;XLDZ;7;2;28.6
002547.SZ;CXJG;5;3;60.0
002548.SZ;JXN;9;2;22.2
002549.SZ;Kaimeite Gases;7;1;14.3
002550.SZ;Qianhong Bio-Pharma;9;1;11.1
002551.SZ;GMF;9;3;33.3
002552.SZ;Baoding Technology;9;0;0.0
002553.SZ;Nanfang Precision;9;3;33.3
002554.SZ;HBP;8;2;25.0
002555.SZ;Sanqi Huyu;9;1;11.1
002556.SZ;Huilong Agri;9;6;66.7
002557.SZ;Qiaqia Food;7;2;28.6
002558.SZ;Giant Network;7;1;14.3
002559.SZ;Yawei Shares;9;1;11.1
002560.SZ;Tong-Da Cable;9;4;44.4
002561.SZ;Xu Jiahui;9;3;33.3
002562.SZ;Brother;9;1;11.1
002563.SZ;Semir;10;2;20.0
002564.SZ;*ST Thvow;8;1;12.5
002565.SZ;Shunho Stock;6;0;0.0
002566.SZ;YSYY;9;3;33.3
002567.SZ;TRS;9;2;22.2
002568.SZ;BRGF;7;0;0.0
002569.SZ;ST Busen Corp.;9;1;11.1
002570.SZ;Beingmate;8;2;25.0
002571.SZ;Deli;9;2;22.2
002572.SZ;SFY;7;2;28.6
002574.SZ;Ming Jewelry;7;1;14.3
002575.SZ;Qunxing Toys;6;2;33.3
002576.SZ;Tongda Power;7;0;0.0
002577.SZ;Rapoo Technology;5;1;20.0
002578.SZ;Minfa Aluminium;9;1;11.1
002579.SZ;CEET;6;0;0.0
002580.SZ;Sacred Sun;9;1;11.1
002581.SZ;Sinobioway Medicine;11;4;36.4
002582.SZ;Haoxiangni;9;1;11.1
002583.SZ;Hytera;9;1;11.1
002584.SZ;Xilong Scientific;9;0;0.0
002585.SZ;SXXC;7;2;28.6
002586.SZ;*ST Reclaim Construction;9;1;11.1
002587.SZ;Aoto Electronics;7;1;14.3
002588.SZ;Stanley;6;1;16.7
002589.SZ;Realcan;8;1;12.5
002590.SZ;VIE;9;2;22.2
002591.SZ;Hengda;7;2;28.6
002592.SZ;BL;7;3;42.9
002593.SZ;Sunrise Group;7;1;14.3
002594.SZ;BYD;6;1;16.7
002595.SZ;Himile;9;0;0.0
002596.SZ;Hainan Ruize;9;4;44.4
002597.SZ;JHSY;9;1;11.1
002598.SZ;SDZG;11;1;9.1
002599.SZ;Shengtong;9;3;33.3
002600.SZ;JPMF;7;3;42.9
002601.SZ;LBG;9;3;33.3
002602.SZ;Century Huatong;9;1;11.1
002603.SZ;Yiling;9;2;22.2
002605.SZ;Yaoji Technology;7;3;42.9
002606.SZ;Dalian Insulator;9;3;33.3
002607.SZ;Offcn Edu;8;1;12.5
002608.SZ;Sainty Marine;7;0;0.0
002611.SZ;DFJG;7;3;42.9
002612.SZ;Lancy;5;2;40.0
002613.SZ;Beibo Corp.;5;0;0.0
002614.SZ;Easepal;9;3;33.3
002615.SZ;Haers;8;2;25.0
002616.SZ;Chant Group;5;0;0.0
002617.SZ;Roshow;8;2;25.0
002620.SZ;Ruihe Decoration;9;1;11.1
002622.SZ;YDJT;7;3;42.9
002623.SZ;AMD;9;3;33.3
002624.SZ;PWRD;5;1;20.0
002625.SZ;KCT;7;2;28.6
002626.SZ;Kingdomway;9;0;0.0
002627.SZ;Three Gorges Tourism;10;3;30.0
002628.SZ;CDLQ;9;2;22.2
002629.SZ;RZYF;6;1;16.7
002630.SZ;CWPC;8;2;25.0
002631.SZ;DER;7;2;28.6
002632.SZ;Daoming;9;1;11.1
002633.SZ;Shenke Corporation;7;1;14.3
002634.SZ;Bangjie Share;9;1;11.1
002635.SZ;Anjie;9;2;22.2
002636.SZ;GDM;9;3;33.3
002637.SZ;Zanyu;9;0;0.0
002638.SZ;Kingsun Share;9;2;22.2
002639.SZ;Xueren Group;7;2;28.6
002640.SZ;Global Top;7;4;57.1
002641.SZ;ERA;9;2;22.2
002642.SZ;RZL;8;2;25.0
002643.SZ;Valiant;9;4;44.4
002644.SZ;FCZY;6;1;16.7
002645.SZ;Huahong;7;2;28.6
002646.SZ;TYDJ;11;1;9.1
002647.SZ;Meson Fintech;9;3;33.3
002648.SZ;SATLPEC;9;2;22.2
002649.SZ;BYKJ;7;1;14.3
002650.SZ;Jiajia Food;7;2;28.6
002651.SZ;Leejun;9;3;33.3
002652.SZ;YZNM;7;2;28.6
002653.SZ;Haisco Pharma;5;1;20.0
002654.SZ;Mason;9;0;0.0
002655.SZ;Gettop;9;1;11.1
002656.SZ;ST Modern Avenue;5;1;20.0
002657.SZ;Sinodata;9;4;44.4
002658.SZ;SDL Tech;7;3;42.9
002659.SZ;Kaiwen Education;7;2;28.6
002660.SZ;MSDY;9;2;22.2
002661.SZ;Ke Ming Food;11;4;36.4
002662.SZ;Fengjing;9;4;44.4
002663.SZ;PB Holdings;9;4;44.4
002664.SZ;Xinzhi Group;9;3;33.3
002666.SZ;Delian;8;4;50.0
002667.SZ;Willing Corp.;4;1;25.0
002668.SZ;TCL Smart Home;7;3;42.9
002669.SZ;Kangda New Materials;13;3;23.1
002670.SZ;Guosheng Securities;11;2;18.2
002671.SZ;LQGF;5;0;0.0
002672.SZ;DJE;7;1;14.3
002673.SZ;Western Securities;11;3;27.3
002674.SZ;Xingye Tech;8;1;12.5
002675.SZ;Dongcheng Biochem;9;1;11.1
002676.SZ;Sunwill;9;3;33.3
002677.SZ;Zhejiang Meida;9;3;33.3
002678.SZ;Pearl River Piano;7;0;0.0
002679.SZ;Fujian Jinsen;8;1;12.5
002681.SZ;Fenda;9;3;33.3
002682.SZ;Longzhou Group;10;2;20.0
002683.SZ;Hongda Blasting;9;1;11.1
002685.SZ;HDHM;9;1;11.1
002686.SZ;Yilida;9;2;22.2
002687.SZ;George Bai;9;5;55.6
002688.SZ;Jinhe;9;2;22.2
002689.SZ;Brilliant;5;1;20.0
002690.SZ;MYGD;6;0;0.0
002691.SZ;Jikai;9;4;44.4
002692.SZ;Yuan Cheng Holding;9;2;22.2
002693.SZ;SC Pharmaceuticals;5;0;0.0
002694.SZ;Goody;9;2;22.2
002695.SZ;Huangshanghuang;11;2;18.2
002696.SZ;Baiyang;7;1;14.3
002697.SZ;Hongqi;9;1;11.1
002698.SZ;Boshi;11;4;36.4
002700.SZ;Wan Jing Energy;6;1;16.7
002701.SZ;ORG Packaging;9;2;22.2
002702.SZ;Haixin Foods;8;2;25.0
002703.SZ;Zhejiang Shibao;11;1;9.1
002705.SZ;XBGF;9;1;11.1
002706.SZ;LXDQ;9;1;11.1
002707.SZ;ZXLY;8;2;25.0
002708.SZ;NRB Corporation;9;1;11.1
002709.SZ;Tinci;9;2;22.2
002712.SZ;Simei Media;9;5;55.6
002713.SZ;DYRS;7;4;57.1
002714.SZ;Muyuan;8;2;25.0
002715.SZ;Dengyun;7;0;0.0
002716.SZ;Hunan Silver;8;3;37.5
002717.SZ;LNYL;7;1;14.3
002718.SZ;AIA Ceiling;9;2;22.2
002719.SZ;Maiquer;7;1;14.3
002721.SZ;Kingee Culture;9;3;33.3
002722.SZ;WCJL;9;1;11.1
002723.SZ;Kennede;8;1;12.5
002724.SZ;Ocean King;11;3;27.3
002725.SZ;Yueling;9;2;22.2
002726.SZ;Longda;9;3;33.3
002727.SZ;Yixintang;9;4;44.4
002728.SZ;TY Phar.;6;2;33.3
002729.SZ;Hollyland;7;3;42.9
002730.SZ;Dianguang Tech.;9;2;22.2
002731.SZ;Cuihua Auto Parts;9;0;0.0
002732.SZ;Yantang Dairy;9;2;22.2
002733.SZ;Vision Group;10;4;40.0
002734.SZ;LMGF;11;3;27.3
002735.SZ;WZXC;7;0;0.0
002736.SZ;Guosen Securities;11;2;18.2
002737.SZ;SFPM;9;4;44.4
002738.SZ;Sinomine;9;2;22.2
002739.SZ;Wanda Film;6;3;50.0
002741.SZ;GHKJ;8;0;0.0
002742.SZ;SSI;9;1;11.1
002743.SZ;Fuhuang;9;1;11.1
002745.SZ;MLS;6;2;33.3
002746.SZ;XTGF;9;2;22.2
002747.SZ;Estun Automation;8;2;25.0
002748.SZ;SLSY;7;2;28.6
002749.SZ;GGAC;9;1;11.1
002752.SZ;Sunrise Company;7;1;14.3
002753.SZ;Yongdong;9;5;55.6
002755.SZ;ASK Pharm;9;2;22.2
002756.SZ;Yongxing Materials;9;2;22.2
002757.SZ;NXGF;8;1;12.5
002758.SZ;ZJAMP;9;2;22.2
002759.SZ;Tonze;8;0;0.0
002760.SZ;CAFX;6;2;33.3
002761.SZ;ZCIGC;9;3;33.3
002762.SZ;JFLB;7;2;28.6
002763.SZ;Huijie Group;7;3;42.9
002765.SZ;Landai Powertrain;8;4;50.0
002766.SZ;Soling Industrial;5;0;0.0
002767.SZ;Innover Tech.;8;2;25.0
002768.SZ;GON;7;2;28.6
002769.SZ;Prolto;9;1;11.1
002771.SZ;ZST;9;2;22.2
002772.SZ;Zhongxing Biotech;9;2;22.2
002773.SZ;KHPG;9;2;22.2
002774.SZ;IFE;9;2;22.2
002775.SZ;Wenke Landscape;9;3;33.3
002777.SZ;Jiuyuan Yinhai;9;2;22.2
002778.SZ;Zhongsheng Gaoke;9;1;11.1
002779.SZ;ZJKJ;10;1;10.0
002780.SZ;Sanfo Outdoor;7;2;28.6
002782.SZ;Click;8;4;50.0
002783.SZ;Kailong;11;1;9.1
002785.SZ;Wanli Stone;7;1;14.3
002786.SZ;Basis;9;2;22.2
002787.SZ;Huayuan Packaging;7;2;28.6
002788.SZ;Luyan Pharma;7;1;14.3
002789.SZ;Jianyi Group;9;3;33.3
002790.SZ;R&T;9;1;11.1
002791.SZ;Kinlong;10;2;20.0
002792.SZ;Tongyu;9;2;22.2
002793.SZ;Luoxinpharmaceutical;7;1;14.3
002795.SZ;Yorhe;7;4;57.1
002796.SZ;Shijia Tech;6;1;16.7
002797.SZ;First Capital;9;3;33.3
002798.SZ;Dioo Water;9;0;0.0
002799.SZ;Xi'an Global;7;0;0.0
002800.SZ;TSGF;7;2;28.6
002801.SZ;WGGF;9;1;11.1
002802.SZ;Honghui;5;1;20.0
002803.SZ;JHGF;9;2;22.2
002805.SZ;Fengyuan;9;3;33.3
002806.SZ;HFCC;9;0;0.0
002807.SZ;JRCB;11;2;18.2
002808.SZ;SGT;6;1;16.7
002809.SZ;Redwall;9;4;44.4
002810.SZ;Shandong Head Group;9;0;0.0
002811.SZ;ATG;8;3;37.5
002812.SZ;Energy Technology;9;2;22.2
002813.SZ;Roadrover;7;2;28.6
002815.SZ;Suntak;7;2;28.6
002816.SZ;*ST HKD;6;1;16.7
002817.SZ;Huangshan Capsule;9;2;22.2
002818.SZ;Fusen Noble-House;7;1;14.3
002819.SZ;Dongfang Zhongke;9;1;11.1
002820.SZ;Gui Faxiang;11;4;36.4
002821.SZ;Asymchem Laboratories;9;4;44.4
002822.SZ;Shenzhen Zhongzhuang;5;1;20.0
002823.SZ;Shenzhen Kaizhong Precision;9;4;44.4
002824.SZ;Hoshion;9;4;44.4
002825.SZ;NAR;7;2;28.6
002826.SZ;Tibet AIM Pharm;7;4;57.1
002827.SZ;GZMB;9;2;22.2
002828.SZ;Beiken;6;1;16.7
002829.SZ;Starneto;7;1;14.3
002830.SZ;Shenzhen Mingdiao;7;0;0.0
002831.SZ;YUTO;8;3;37.5
002832.SZ;BIEM.L.FDLKK;7;2;28.6
002833.SZ;KDT;9;2;22.2
002835.SZ;TVT Digital;9;1;11.1
002836.SZ;NGL;9;5;55.6
002837.SZ;Envicool;9;3;33.3
002838.SZ;Dawn;9;1;11.1
002839.SZ;Rural Commercial Bank of Zhangjiagang;13;4;30.8
002840.SZ;Huatong;8;1;12.5
002841.SZ;CVTE;10;1;10.0
002842.SZ;XTIC;7;2;28.6
002843.SZ;Bichamp Cutting;8;2;25.0
002845.SZ;TXD;9;4;44.4
002846.SZ;CNPACK;7;1;14.3
002847.SZ;Yankershop Food;8;3;37.5
002848.SZ;Gospell;7;2;28.6
002849.SZ;Viewshine;7;3;42.9
002850.SZ;KDL;7;1;14.3
002851.SZ;Megmeet;6;1;16.7
002852.SZ;Daodaoquan;9;4;44.4
002853.SZ;Piano;9;1;11.1
002855.SZ;Chitwing;5;1;20.0
002856.SZ;Shenzhen Magic;9;2;22.2
002857.SZ;SMS Electric;9;3;33.3
002858.SZ;Shanghai Lisheng;9;1;11.1
002859.SZ;Zhejiang Jiemei;7;2;28.6
002860.SZ;Star Shuaier;7;0;0.0
002861.SZ;YT;9;2;22.2
002862.SZ;SF;7;1;14.3
002863.SZ;Zhejiang Jinfei Kaida Wheel;8;2;25.0
002864.SZ;Shaanxi Panlong Pharmaceutical;9;0;0.0
002865.SZ;Hainan Drinda;10;2;20.0
002866.SZ;Jiangsu Transimage Technology;9;1;11.1
002867.SZ;Chow Tai Seng;11;2;18.2
002868.SZ;Lifecome;8;2;25.0
002869.SZ;Genvict;7;0;0.0
002870.SZ;Senssun;7;0;0.0
002871.SZ;Weflo;6;2;33.3
002872.SZ;ST Tiansheng Pharmaceutical;7;1;14.3
002873.SZ;Xintian Pharmaceutical;9;2;22.2
002875.SZ;Annil;7;3;42.9
002876.SZ;Sunnypol;8;0;0.0
002877.SZ;Intelligent Self-control;7;2;28.6
002878.SZ;Yuanlong Yato;7;0;0.0
002879.SZ;CL;11;0;0.0
002880.SZ;WG;9;3;33.3
002881.SZ;Meig;7;1;14.3
002882.SZ;Jinlongyu Group;9;1;11.1
002883.SZ;Jiangsu Zhongshe Group;7;2;28.6
002884.SZ;Lingxiao;9;2;22.2
002885.SZ;JQH;9;1;11.1
002886.SZ;Wote;7;2;28.6
002887.SZ;Lvyin Ecology;5;3;60.0
002888.SZ;Hivi;7;2;28.6
002889.SZ;Easttop;7;1;14.3
002890.SZ;Shandong Hongyu;9;0;0.0
002891.SZ;China Pet Foods;9;4;44.4
002892.SZ;Keli;5;0;0.0
002893.SZ;Beijing Huayuan Yitong;9;2;22.2
002895.SZ;Chanhen;9;0;0.0
002896.SZ;ZD;8;4;50.0
002897.SZ;CZT;9;2;22.2
002898.SZ;Sailong;9;2;22.2
002899.SZ;Impulse;9;3;33.3
002900.SZ;Harbin Medisan;9;1;11.1
002901.SZ;Double Medical Technology;7;2;28.6
002902.SZ;Mentech;7;1;14.3
002903.SZ;Yuhuan CNC;7;3;42.9
002905.SZ;Guangzhou Jinyi Media;9;1;11.1
002906.SZ;Adayo;9;2;22.2
002907.SZ;Pharscin;9;6;66.7
002908.SZ;Tecsun;9;2;22.2
002909.SZ;Jointas;8;2;25.0
002910.SZ;Lanzhou Zhuangyuan;9;2;22.2
002911.SZ;Foshan Gas;8;1;12.5
002912.SZ;Sinovatio;9;2;22.2
002913.SZ;ASKPCB;8;1;12.5
002915.SZ;Zhejiang Zhongxin Fluoride;11;2;18.2
002917.SZ;Shenzhen King Explorer;8;1;12.5
002918.SZ;Monalisa;11;2;18.2
002919.SZ;Mingchen;7;1;14.3
002920.SZ;Desay SV Automotive;9;1;11.1
002921.SZ;LM;7;1;14.3
002922.SZ;Eaglerise;7;1;14.3
002923.SZ;Rundu Pharma;7;1;14.3
002925.SZ;Intretech;9;1;11.1
002926.SZ;Huaxi Securities;10;1;10.0
002927.SZ;TYT;7;1;14.3
002928.SZ;China Express;9;0;0.0
002929.SZ;RJGF;9;3;33.3
002930.SZ;GR;8;0;0.0
002931.SZ;Fenglong;7;3;42.9
002932.SZ;Ediagnosis;8;4;50.0
002933.SZ;EEAE;9;1;11.1
002935.SZ;Elecspn;8;1;12.5
002936.SZ;Bank of Zhengzhou;8;1;12.5
002937.SZ;Ningbo Sunrise;11;2;18.2
002938.SZ;Avary Holding;9;2;22.2
002939.SZ;Great Wall Securities;14;6;42.9
002940.SZ;Anglikang;7;1;14.3
002941.SZ;Xinjiang Communications;9;3;33.3
002942.SZ;Neoagro;9;5;55.6
002943.SZ;Hunan Yujing Machinery;7;0;0.0
002945.SZ;Chinalin Securities;5;1;20.0
002946.SZ;New Hope Dairy;8;4;50.0
002947.SZ;JHMD;11;5;45.5
002948.SZ;Bank of Qingdao;15;2;13.3
002949.SZ;Capol;9;1;11.1
002950.SZ;Allmed;9;2;22.2
002951.SZ;ST Sichuan Jinshi;7;2;28.6
002952.SZ;Yes Optoelectronics;9;6;66.7
002953.SZ;Rifeng;7;0;0.0
002955.SZ;HIT;7;2;28.6
002956.SZ;Seamild;6;2;33.3
002957.SZ;Colibri Technologies;9;3;33.3
002958.SZ;QRCB;12;2;16.7
002959.SZ;Bear;4;2;50.0
002960.SZ;Jade Bird Fire;8;2;25.0
002961.SZ;Ruida Futures;7;1;14.3
002962.SZ;Hubei W-olf;9;2;22.2
002963.SZ;HES;9;2;22.2
002965.SZ;Lucky Harvest;7;2;28.6
002966.SZ;Bank of Suzhou;15;4;26.7
002967.SZ;GRGTest;9;1;11.1
002968.SZ;Chongqing New Dazheng;8;2;25.0
002969.SZ;Jiamei;9;3;33.3
002970.SZ;Streamax;8;1;12.5
002971.SZ;Heyuan Gas;9;2;22.2
002972.SZ;Keanda;9;3;33.3
002973.SZ;Qiaoyin Environmental;9;5;55.6
002975.SZ;Bojay;8;1;12.5
002976.SZ;Cheersson;5;2;40.0
002977.SZ;Tianjian Tech;7;2;28.6
002978.SZ;Aning;7;3;42.9
002979.SZ;Leadshine;7;1;14.3
002980.SZ;CEM;8;3;37.5
002981.SZ;Risuntek;7;1;14.3
002982.SZ;Xiangjia Animal Husbandry;9;3;33.3
002983.SZ;Coreach;9;0;0.0
002984.SZ;Sentury;9;3;33.3
002985.SZ;Beijing Bei Mo Gao Ke;7;0;0.0
002986.SZ;Yussen Group;9;0;0.0
002987.SZ;Northking Information;9;3;33.3
002988.SZ;Haomei;9;4;44.4
002989.SZ;Shenzhen Strongteam;9;2;22.2
002990.SZ;Maxvision;7;2;28.6
002991.SZ;Ganyuan Foods;9;2;22.2
002992.SZ;Bao Ming Tech;9;1;11.1
002993.SZ;Aohai Technology;8;1;12.5
002995.SZ;Beijing All Day Online;5;2;40.0
002996.SZ;Shunbo;7;0;0.0
002997.SZ;Rayhoo;9;1;11.1
002998.SZ;Ecer;7;2;28.6
002999.SZ;GD Tianhe;9;3;33.3
003000.SZ;JZSP;7;3;42.9
003001.SZ;Zhongyan Technology;7;1;14.3
003002.SZ;Huhua Shares;11;1;9.1
003003.SZ;Tengen;7;2;28.6
003004.SZ;Beijing Telesound;6;3;50.0
003005.SZ;JYD;7;2;28.6
003006.SZ;Baiya Corporation;9;0;0.0
003007.SZ;ZZ;9;2;22.2
003008.SZ;Ketop;5;1;20.0
003009.SZ;A Sky;8;1;12.5
003010.SZ;Ruoyuchen;7;4;57.1
003011.SZ;Walrus;6;3;50.0
003012.SZ;Dong Peng;9;3;33.3
003013.SZ;Guangzhou Metro Design;8;1;12.5
003015.SZ;Rijiu Optic-Electric;9;2;22.2
003016.SZ;Xin Hee;9;3;33.3
003017.SZ;Dayang Biology;9;2;22.2
003018.SZ;Jinfu;7;3;42.9
003019.SZ;TES;8;2;25.0
003020.SZ;Hefei Lifeon Pharmaceutical;8;2;25.0
003021.SZ;Zhaowei;8;2;25.0
003022.SZ;Levima;8;2;25.0
003023.SZ;Chengdu Rainbow Appliance;9;2;22.2
003025.SZ;Sijin Intelligence;6;1;16.7
003026.SZ;MTCN;5;1;20.0
003027.SZ;Tongxing Infotech;9;0;0.0
003028.SZ;Genbyte Technology;7;2;28.6
003029.SZ;Jilin University Zhengyuan;9;1;11.1
003030.SZ;Zuming Bean Products;9;1;11.1
003031.SZ;Sinopack;11;0;0.0
003032.SZ;Jiangsu Chuanzhi;8;2;25.0
003033.SZ;Choho;7;2;28.6
003035.SZ;CSG Energy;9;2;22.2
003036.SZ;Taitan;9;2;22.2
003037.SZ;Guangdong Sanhe Pile;9;1;11.1
003038.SZ;Anhui Xinbo Aluminum;8;0;0.0
003039.SZ;Guangdong Shunkong;9;4;44.4
003040.SZ;Chutian Dragon;9;5;55.6
003041.SZ;Zhejiang Truelove Vogue;9;2;22.2
003042.SZ;Sino-Agri Union;9;1;11.1
003043.SZ;Huaya Intelligence;7;1;14.3
003816.SZ;CGN;8;2;25.0
300001.SZ;TGood Electric;9;3;33.3
300002.SZ;Ultrapower;7;0;0.0
300003.SZ;Lepu Medical;7;2;28.6
300004.SZ;Nanfeng Corporation;9;3;33.3
300005.SZ;Toread;7;0;0.0
300006.SZ;Lummy;9;2;22.2
300007.SZ;Hanwei Electronics;9;2;22.2
300008.SZ;Bestway;8;1;12.5
300009.SZ;Ankebio;12;2;16.7
300010.SZ;Doushen Education;8;1;12.5
300011.SZ;Dinghan Tech;9;1;11.1
300012.SZ;CTI;7;1;14.3
300013.SZ;XNWL;7;1;14.3
300014.SZ;EVE;8;3;37.5
300015.SZ;Aier Eye Hospital;7;1;14.3
300016.SZ;Beilu Pharma;8;4;50.0
300017.SZ;Wangsu;7;1;14.3
300018.SZ;ZYGF;9;0;0.0
300019.SZ;Guibao;9;4;44.4
300020.SZ;Silver Grant;7;1;14.3
300021.SZ;Dayu Water-Saving;9;0;0.0
300022.SZ;Gifore;9;1;11.1
300024.SZ;Robot;9;3;33.3
300025.SZ;Huaxing Chuangye;7;3;42.9
300026.SZ;Chase Sun Pharm;12;4;33.3
300027.SZ;HBMC;9;1;11.1
300029.SZ;ST TLPE;4;1;25.0
300030.SZ;Improve Medical;9;5;55.6
300031.SZ;Boton Technology;7;2;28.6
300032.SZ;Jinlong Inc;9;1;11.1
300033.SZ;Flush Info;9;1;11.1
300034.SZ;CISRI-Gaona;9;1;11.1
300035.SZ;HNZK Electric;9;3;33.3
300036.SZ;SuperMap;7;2;28.6
300037.SZ;Capchem;9;2;22.2
300039.SZ;Shanghai Kaibao;9;2;22.2
300040.SZ;JZE;9;3;33.3
300041.SZ;Huitian New Material;9;1;11.1
300042.SZ;Netac;7;0;0.0
300043.SZ;Rastar;7;1;14.3
300044.SZ;Sunwin;9;3;33.3
300045.SZ;Hwa Create;9;1;11.1
300046.SZ;Techsem;9;1;11.1
300047.SZ;Tydic;6;1;16.7
300048.SZ;Hiconics;8;1;12.5
300049.SZ;Free Medical Technologies;6;1;16.7
300050.SZ;Dingli Comm;9;1;11.1
300051.SZ;Laisheng Technology;7;1;14.3
300052.SZ;ZQGame;5;0;0.0
300053.SZ;OBT;9;1;11.1
300054.SZ;Ding Long;9;3;33.3
300055.SZ;WBD;7;1;14.3
300056.SZ;Zhongchuang;7;1;14.3
300057.SZ;Wanshun New Material;9;3;33.3
300058.SZ;Bluefocus;9;3;33.3
300059.SZ;Eastmoney;6;3;50.0
300061.SZ;Qitian Technology;7;2;28.6
300062.SZ;CEE;7;3;42.9
300063.SZ;TLJT;5;0;0.0
300065.SZ;HLX;5;0;0.0
300066.SZ;Sanchuan Wisdom;9;0;0.0
300067.SZ;Anoky;9;4;44.4
300068.SZ;Narada Power Source;5;1;20.0
300069.SZ;Jinlihua Electric;6;1;16.7
300070.SZ;BOW;8;1;12.5
300071.SZ;FS Holdings;9;4;44.4
300072.SZ;Haixin Energy-Tech;9;2;22.2
300073.SZ;Easpring;9;1;11.1
300074.SZ;Avcon;9;0;0.0
300075.SZ;Egova;8;1;12.5
300076.SZ;GQY Video;8;1;12.5
300077.SZ;Nations;7;3;42.9
300078.SZ;Citrus Smartcom;8;1;12.5
300079.SZ;Sumavision;7;1;14.3
300080.SZ;YCXN;9;1;11.1
300081.SZ;HXYD;7;2;28.6
300082.SZ;Oxiranchem;9;0;0.0
300083.SZ;Create Century;5;0;0.0
300084.SZ;Haimo;9;2;22.2
300085.SZ;Infogem;8;0;0.0
300086.SZ;Honz;9;3;33.3
300087.SZ;Winall Hi-Tech;8;0;0.0
300088.SZ;Token Sci;11;3;27.3
300091.SZ;JTL;9;0;0.0
300092.SZ;Comelec;9;2;22.2
300093.SZ;Jingang Solar;7;1;14.3
300094.SZ;Guolian Aquatic;9;3;33.3
300095.SZ;Huawu;9;1;11.1
300096.SZ;Yi Lianzhong;11;1;9.1
300097.SZ;ZY Automation;7;0;0.0
300098.SZ;Gosun;6;1;16.7
300099.SZ;Uroica;7;1;14.3
300100.SZ;Shuanglin Auto Parts;10;3;30.0
300101.SZ;ZXKJ;9;3;33.3
300102.SZ;Changelight;9;1;11.1
300103.SZ;Dagang Holding;8;2;25.0
300105.SZ;Longyuan Technology;9;1;11.1
300106.SZ;Western Animal;9;2;22.2
300107.SZ;Jianxin Chemical;9;5;55.6
300109.SZ;NKY;9;3;33.3
300110.SZ;HRYY;9;2;22.2
300111.SZ;Sunflower;7;3;42.9
300112.SZ;Maxonic;8;1;12.5
300113.SZ;SW-Tech;5;3;60.0
300115.SZ;EWPT;9;2;22.2
300118.SZ;Risen Energy;7;1;14.3
300119.SZ;RPSW;9;3;33.3
300120.SZ;JWEW;9;2;22.2
300121.SZ;Yanggu Huatai;7;1;14.3
300122.SZ;Zhifei-Biol;9;2;22.2
300123.SZ;Yaguang Technology;6;2;33.3
300124.SZ;Inovance;10;2;20.0
300125.SZ;Lingda Group;7;1;14.3
300126.SZ;RQGF;7;2;28.6
300127.SZ;Galaxy Magnets;9;1;11.1
300128.SZ;Jinfu New Material;5;0;0.0
300129.SZ;TSP;7;0;0.0
300130.SZ;Xinguodu;10;2;20.0
300131.SZ;Yitoa Intelligent;9;1;11.1
300132.SZ;Green Pine;6;0;0.0
300133.SZ;Huace Film & TV;9;2;22.2
300134.SZ;Tat Fook Technology;9;1;11.1
300135.SZ;BLIIC;7;0;0.0
300136.SZ;Sunway Comm;9;2;22.2
300137.SZ;Sailheroenviroprotec;8;1;12.5
300138.SZ;Chenguang Biotech;6;3;50.0
300139.SZ;XC-Tech;9;2;22.2
300140.SZ;An Energy-Saving;9;1;11.1
300141.SZ;HSDQ;7;1;14.3
300142.SZ;Walvax;11;2;18.2
300143.SZ;Inkon Life;9;4;44.4
300144.SZ;Songcheng;9;4;44.4
300145.SZ;Zhongjin Environment;9;1;11.1
300146.SZ;By-Health;7;0;0.0
300147.SZ;XXZY;7;1;14.3
300148.SZ;Tangel Publishing;7;3;42.9
300149.SZ;QHT;6;1;16.7
300150.SZ;Ireal;9;0;0.0
300151.SZ;Changhong Tech;6;0;0.0
300152.SZ;New Power;7;1;14.3
300153.SZ;Cooltech;9;0;0.0
300154.SZ;RLGF;7;2;28.6
300155.SZ;Anjubao;5;2;40.0
300157.SZ;Xinjin Power;9;5;55.6
300158.SZ;Zhendong Pharmacy;9;3;33.3
300159.SZ;ST XYGF;9;4;44.4
300160.SZ;Xiuqiang Glass;9;2;22.2
300161.SZ;HCNC;7;0;0.0
300162.SZ;Ledman;8;2;25.0
300163.SZ;Aplus;5;1;20.0
300164.SZ;Tong Petrotech;6;0;0.0
300165.SZ;Skyray Instrument;9;3;33.3
300166.SZ;BONC;7;0;0.0
300167.SZ;DVSX;5;1;20.0
300168.SZ;Wonders Information;8;2;25.0
300169.SZ;Tiansheng;7;2;28.6
300170.SZ;Hand;9;1;11.1
300171.SZ;Tofflon;9;0;0.0
300172.SZ;CEEP;8;0;0.0
300173.SZ;Sotech;8;1;12.5
300174.SZ;Yuanli Active Carbon;5;2;40.0
300175.SZ;Lontrue;6;1;16.7
300176.SZ;Paisheng Technology;7;1;14.3
300177.SZ;Hi-Target;8;0;0.0
300179.SZ;SF Diamond;9;2;22.2
300180.SZ;Huafon Microfibre;9;1;11.1
300181.SZ;Zuo Li Yao Ye;9;1;11.1
300182.SZ;GPI;8;2;25.0
300183.SZ;DRZB;9;3;33.3
300184.SZ;P&S;7;2;28.6
300185.SZ;Tongyu Heavy;8;2;25.0
300187.SZ;Yonker;9;1;11.1
300188.SZ;Meiyapico Inc.;9;2;22.2
300189.SZ;Shennong Seed;5;4;80.0
300190.SZ;Welle Inc;9;0;0.0
300191.SZ;Sinogeo;7;0;0.0
300192.SZ;Kingswood Education;7;1;14.3
300193.SZ;Jasic;9;1;11.1
300194.SZ;Fuan Pharm;9;0;0.0
300195.SZ;MKM;9;3;33.3
300196.SZ;Changhai Composites;9;1;11.1
300197.SZ;THST;9;2;22.2
300198.SZ;NCP;7;3;42.9
300199.SZ;Hybio;9;1;11.1
300200.SZ;Comens Materials;9;2;22.2
300201.SZ;HLZ;9;3;33.3
300203.SZ;FPI;6;2;33.3
300204.SZ;Staidson Bio;9;1;11.1
300205.SZ;Tianyu Info;9;3;33.3
300206.SZ;Edan;7;2;28.6
300207.SZ;Sunwoda;7;1;14.3
300209.SZ;A Tree;5;0;0.0
300210.SZ;Senyuan;7;0;0.0
300211.SZ;Yitong Tech;7;2;28.6
300212.SZ;YHL;9;1;11.1
300213.SZ;JXFH;6;1;16.7
300214.SZ;Rike Chemical;5;0;0.0
300215.SZ;Easa;9;2;22.2
300217.SZ;DFDR;7;0;0.0
300218.SZ;Anli;12;1;8.3
300219.SZ;Honglizhihui;11;0;0.0
300220.SZ;Goden;5;2;40.0
300221.SZ;Silver Age;9;2;22.2
300222.SZ;CSG Smart;7;4;57.1
300223.SZ;Ingenic;11;2;18.2
300224.SZ;ZHMAG;9;3;33.3
300225.SZ;KNT;9;0;0.0
300226.SZ;Shanghai Ganglian;9;0;0.0
300227.SZ;Sunshine;9;2;22.2
300228.SZ;FRTZ;7;1;14.3
300230.SZ;Yongli;7;1;14.3
300231.SZ;Trust&Far Tech;5;3;60.0
300232.SZ;Unilumin;7;1;14.3
300233.SZ;Jincheng Pharm;9;1;11.1
300234.SZ;Kaier Materials;7;2;28.6
300235.SZ;Kingsun;7;0;0.0
300236.SZ;Shanghai Sinyang;9;3;33.3
300237.SZ;Meichen Tech.;7;1;14.3
300238.SZ;GHSW;5;2;40.0
300239.SZ;DBBT;5;1;20.0
300240.SZ;Feiliks;9;2;22.2
300241.SZ;Refond;7;1;14.3
300242.SZ;JYKJ;7;1;14.3
300243.SZ;Ruifeng Chem;9;0;0.0
300244.SZ;D.A. Diagnostics;9;1;11.1
300245.SZ;TJT;9;4;44.4
300246.SZ;BLT;9;1;11.1
300247.SZ;Lucky;6;2;33.3
300248.SZ;Newcapec;7;1;14.3
300249.SZ;Yimikang;5;3;60.0
300250.SZ;Chinese Churinga;7;1;14.3
300251.SZ;Enlight Media;8;4;50.0
300252.SZ;JXNH;9;2;22.2
300253.SZ;Winning Health;7;0;0.0
300254.SZ;C&Y Pharmaceutical;7;0;0.0
300255.SZ;Changshan Pharma;6;2;33.3
300256.SZ;ST FPT;7;0;0.0
300257.SZ;Kaishan Compressor;7;0;0.0
300258.SZ;PPF;7;2;28.6
300259.SZ;Xintian Technology;9;2;22.2
300260.SZ;Kinglai Materials;8;3;37.5
300261.SZ;Abachem;9;2;22.2
300263.SZ;LHEC;9;0;0.0
300264.SZ;Avit;7;0;0.0
300265.SZ;TGC;7;2;28.6
300266.SZ;Xingyuan Environment;11;3;27.3
300267.SZ;Er-Kang;7;2;28.6
300268.SZ;Joyvio Food;8;2;25.0
300269.SZ;Liantronics;5;2;40.0
300270.SZ;OB Telecom;9;3;33.3
300271.SZ;Thunisoft;9;3;33.3
300272.SZ;Canature;5;1;20.0
300274.SZ;Sungrow Power Supply;7;1;14.3
300275.SZ;MAS;7;0;0.0
300276.SZ;Sanfeng Intelligent;9;1;11.1
300277.SZ;Hirisun;9;2;22.2
300278.SZ;Huachangda;9;3;33.3
300279.SZ;Hodgen;8;2;25.0
300281.SZ;JMJJ;7;2;28.6
300283.SZ;Wenzhou Hongfeng;9;1;11.1
300284.SZ;JSTI;9;1;11.1
300285.SZ;Sinocera Material;9;2;22.2
300286.SZ;Acrel;9;2;22.2
300287.SZ;PHLX;8;2;25.0
300288.SZ;Longmaster Info-Tech;5;2;40.0
300289.SZ;Leadman;7;2;28.6
300290.SZ;Bringspring Tech;7;1;14.3
300291.SZ;Hualu Baina;9;3;33.3
300292.SZ;WTKG;7;0;0.0
300294.SZ;CRBoya Biology;9;2;22.2
300295.SZ;Everyday Network;5;2;40.0
300296.SZ;Leyard;6;1;16.7
300298.SZ;Changsha Sinocare;7;3;42.9
300299.SZ;Fuchun Communication;7;1;14.3
300300.SZ;Hakim;9;3;33.3
300301.SZ;Changfang Group;7;2;28.6
300302.SZ;Toyou;8;2;25.0
300303.SZ;JFLED;5;1;20.0
300304.SZ;YYDQ;9;3;33.3
300305.SZ;YXGF;7;0;0.0
300306.SZ;Everfine;7;3;42.9
300307.SZ;Cixing;9;3;33.3
300308.SZ;Zhongji Innolight;8;3;37.5
300310.SZ;Eastone Century;5;1;20.0
300311.SZ;Surfilter;7;2;28.6
300313.SZ;Tianshan Bio;9;1;11.1
300314.SZ;David Medical;9;3;33.3
300315.SZ;Ourpalm;7;1;14.3
300316.SZ;Jingsheng;9;3;33.3
300317.SZ;Jiawei Energy;8;2;25.0
300318.SZ;Bohui Innovation;7;2;28.6
300319.SZ;Microgate Tech;9;3;33.3
300320.SZ;Haida;9;0;0.0
300321.SZ;Tongda Stock;9;4;44.4
300323.SZ;HC Semitek;9;2;22.2
300324.SZ;Watertek;6;2;33.3
300326.SZ;Kinetic;7;1;14.3
300327.SZ;Sino Wealth;11;2;18.2
300328.SZ;Eontec;9;2;22.2
300329.SZ;Hailun Piano;9;2;22.2
300331.SZ;SVG;9;2;22.2
300332.SZ;TRCE;6;4;66.7
300333.SZ;Sinosun;5;0;0.0
300334.SZ;TMMT;8;1;12.5
300335.SZ;Devotion;9;1;11.1
300337.SZ;Yinbang Clad;9;3;33.3
300338.SZ;ST CKIC;7;0;0.0
300339.SZ;Hoperun Software;7;2;28.6
300340.SZ;Kanhoo;9;1;11.1
300341.SZ;Motic Electric;12;1;8.3
300342.SZ;Tianyin;9;1;11.1
300343.SZ;Limi;7;2;28.6
300344.SZ;TKPC;;;
300345.SZ;Huamin Shares;7;2;28.6
300346.SZ;Nata Opto-Elect;10;2;20.0
300347.SZ;Tigermed;7;2;28.6
300348.SZ;Sunline;9;2;22.2
300349.SZ;Goldcard;9;3;33.3
300350.SZ;Huapengfei;7;3;42.9
300351.SZ;YGDQ;6;1;16.7
300352.SZ;VRV;9;1;11.1
300353.SZ;Kyland;7;0;0.0
300354.SZ;Donghua Testing;7;0;0.0
300355.SZ;MCST;9;7;77.8
300357.SZ;Wolwo Pharma;6;1;16.7
300358.SZ;Truking Technology;13;3;23.1
300359.SZ;QTJY;8;0;0.0
300360.SZ;Sunrise Technology;9;2;22.2
300363.SZ;Porton;8;3;37.5
300364.SZ;COL;8;2;25.0
300365.SZ;Forever Tech.;6;3;50.0
300366.SZ;Troy Information;9;2;22.2
300368.SZ;Huijin Electro.;9;1;11.1
300369.SZ;NSFOCUS;9;3;33.3
300370.SZ;Etrol;11;2;18.2
300371.SZ;Huizhong;9;4;44.4
300373.SZ;Yangjie Technology;9;1;11.1
300374.SZ;CRPC;9;1;11.1
300375.SZ;Pengling;8;0;0.0
300376.SZ;EAST;9;4;44.4
300377.SZ;Ysstech;9;5;55.6
300378.SZ;Digiwin;9;3;33.3
300380.SZ;Amarsoft;9;1;11.1
300381.SZ;YDL;7;0;0.0
300382.SZ;SLAC;7;2;28.6
300383.SZ;GHXW;7;3;42.9
300384.SZ;Sanlian Hope;7;2;28.6
300385.SZ;CECM;9;1;11.1
300386.SZ;Feitian;6;0;0.0
300387.SZ;Fubon Technology;7;1;14.3
300388.SZ;GZEP;9;2;22.2
300389.SZ;Absen;9;1;11.1
300390.SZ;THCJ;10;3;30.0
300391.SZ;Kangyue Technology;;;
300393.SZ;Jolywood;9;1;11.1
300394.SZ;TFC;7;4;57.1
300395.SZ;Feilihua;9;2;22.2
300396.SZ;Dirui;9;2;22.2
300397.SZ;THD;7;1;14.3
300398.SZ;Phichem;9;2;22.2
300399.SZ;TLKJ;9;1;11.1
300400.SZ;JT;7;1;14.3
300401.SZ;Garden Bio-Chem;9;0;0.0
300402.SZ;Nanjing Baose;9;1;11.1
300403.SZ;Idear Hanyu;9;0;0.0
300404.SZ;Boji CRO;7;1;14.3
300405.SZ;Kelong Fine Chemical;9;3;33.3
300406.SZ;BSBE;9;0;0.0
300407.SZ;Keyvia Electric;9;1;11.1
300408.SZ;CCTC;8;1;12.5
300409.SZ;Dowstone;8;1;12.5
300410.SZ;Zhengye;9;0;0.0
300411.SZ;JDGF;7;0;0.0
300412.SZ;Canaan Tech;9;2;22.2
300413.SZ;Mango;9;1;11.1
300414.SZ;ZG Lightning Protect;7;2;28.6
300415.SZ;Yizumi;11;0;0.0
300416.SZ;Sushi Testing;8;3;37.5
300417.SZ;NHYQ;5;1;20.0
300418.SZ;Kunlun;7;2;28.6
300419.SZ;Interact;5;0;0.0
300420.SZ;PSC;9;4;44.4
300421.SZ;JGBR;8;0;0.0
300422.SZ;BSK;9;1;11.1
300423.SZ;Sunfly Technology;9;2;22.2
300424.SZ;Hangxin Tech;7;2;28.6
300425.SZ;Scimee;7;0;0.0
300426.SZ;Huazhi Digital Media;11;2;18.2
300427.SZ;*ST Redphase;8;4;50.0
300428.SZ;Sitong New Material;7;0;0.0
300429.SZ;Tronly;7;2;28.6
300430.SZ;CTN;9;1;11.1
300432.SZ;Fulin PM;8;2;25.0
300433.SZ;Lens;7;2;28.6
300434.SZ;JSYY;11;3;27.3
300435.SZ;Zhongtai Cryogenic;9;2;22.2
300436.SZ;Cosunter;9;2;22.2
300437.SZ;QSY Tech;9;3;33.3
300438.SZ;Great Power;10;3;30.0
300439.SZ;Medicalsystem;5;1;20.0
300440.SZ;Yunda;9;2;22.2
300441.SZ;BSC;7;1;14.3
300442.SZ;Range Technology;9;4;44.4
300443.SZ;Jin Lei;6;2;33.3
300444.SZ;Sojo;9;1;11.1
300445.SZ;Const;8;1;12.5
300446.SZ;AIM;9;1;11.1
300447.SZ;QXGF;7;1;14.3
300448.SZ;Haoyun Technologies;4;2;50.0
300449.SZ;HBGK;8;1;12.5
300450.SZ;Lead Intelligent;7;2;28.6
300451.SZ;B-Soft;11;3;27.3
300452.SZ;Sunhere;8;4;50.0
300453.SZ;SXYL;9;4;44.4
300454.SZ;Sangfor;8;0;0.0
300455.SZ;Asiet;9;2;22.2
300456.SZ;SMEI;7;1;14.3
300457.SZ;Yinghe Technology;9;4;44.4
300458.SZ;Allwinnertech;7;1;14.3
300459.SZ;TOM;5;2;40.0
300460.SZ;Failong Crystal;7;2;28.6
300461.SZ;Tanac Automation;8;2;25.0
300462.SZ;HMZN;9;3;33.3
300463.SZ;Maker Biotechnology;9;1;11.1
300464.SZ;Saca;7;2;28.6
300465.SZ;GIT;5;1;20.0
300466.SZ;Saimo Technology;11;2;18.2
300467.SZ;XYKJ;9;2;22.2
300468.SZ;Forms Syntron;7;1;14.3
300469.SZ;CES;9;0;0.0
300470.SZ;Sichuan Sunny Seal;10;1;10.0
300471.SZ;Houpu;7;1;14.3
300472.SZ;Newu;9;3;33.3
300473.SZ;Dare Auto;7;2;28.6
300474.SZ;Jingjia Micro;8;4;50.0
300475.SZ;Shannon Semi;9;1;11.1
300476.SZ;VGT;9;3;33.3
300477.SZ;Hezong;8;1;12.5
300478.SZ;HZGX;7;2;28.6
300479.SZ;Synthesiselectronic;9;1;11.1
300480.SZ;GL Tech;7;3;42.9
300481.SZ;Huicheng;5;2;40.0
300482.SZ;Wondfo Biotech;9;3;33.3
300483.SZ;WSGF;7;3;42.9
300484.SZ;V&T;8;1;12.5
300485.SZ;Science Sun;9;3;33.3
300486.SZ;OMH;9;2;22.2
300487.SZ;Sunresin;9;3;33.3
300488.SZ;EST Tools;7;1;14.3
300489.SZ;Optics Tech;6;0;0.0
300490.SZ;HNAC;9;0;0.0
300491.SZ;Tonhe Tech;6;1;16.7
300492.SZ;Huatu Cendes;12;2;16.7
300493.SZ;Fortune Tech;7;1;14.3
300494.SZ;Century;7;3;42.9
300496.SZ;Thundersoft;9;4;44.4
300497.SZ;Fushine;7;1;14.3
300498.SZ;Wens;12;1;8.3
300499.SZ;Goaland;5;2;40.0
300500.SZ;TUS-Design;11;1;9.1
300501.SZ;Haishun;7;2;28.6
300502.SZ;Eoptolink;8;2;25.0
300503.SZ;Haozhi Industrial;9;1;11.1
300504.SZ;Tianyi;9;5;55.6
300505.SZ;KMCJNC;7;0;0.0
300506.SZ;Minkave;9;0;0.0
300507.SZ;Olive Sensors;5;2;40.0
300508.SZ;Weihong;9;1;11.1
300509.SZ;Newamstar;7;1;14.3
300510.SZ;JGGF;9;4;44.4
300511.SZ;Xuerong;7;0;0.0
300512.SZ;Zhongya Corporation;9;2;22.2
300513.SZ;E-Techstar;9;2;22.2
300514.SZ;Friendcom;5;1;20.0
300515.SZ;Sundy;7;0;0.0
300516.SZ;JIR;9;0;0.0
300517.SZ;Haibo;5;2;40.0
300518.SZ;Shengxunda;7;1;14.3
300519.SZ;Xinguang Pharma;9;3;33.3
300520.SZ;Guochuang;9;1;11.1
300521.SZ;Amsky;7;0;0.0
300522.SZ;Sunmun Technology;5;1;20.0
300523.SZ;Gsafety;9;3;33.3
300525.SZ;Bosssoft;9;1;11.1
300527.SZ;China Harzone;9;0;0.0
300528.SZ;Omnijoi;9;3;33.3
300529.SZ;Jafron;9;4;44.4
300530.SZ;Dazhi;7;0;0.0
300531.SZ;Urovo;9;3;33.3
300532.SZ;NTI;6;0;0.0
300533.SZ;Bingchuan;5;0;0.0
300534.SZ;LSRF;9;2;22.2
300535.SZ;Dowell Inc;5;0;0.0
300536.SZ;Nusun Landscape;8;0;0.0
300537.SZ;Kuangshun Material;8;2;25.0
300538.SZ;TYGF;7;2;28.6
300539.SZ;Henghe Mould;7;1;14.3
300540.SZ;SSET;9;2;22.2
300541.SZ;Adtec;9;3;33.3
300542.SZ;Brilliance Tech.;7;1;14.3
300543.SZ;SLIE;7;3;42.9
300545.SZ;Liande;8;2;25.0
300546.SZ;Emptech;7;2;28.6
300547.SZ;Chuanhuan Technology;9;0;0.0
300548.SZ;CFHC;9;2;22.2
300549.SZ;Jouder Precision;9;6;66.7
300550.SZ;Heren Health;7;4;57.1
300551.SZ;Guao Technology;9;2;22.2
300552.SZ;Wanji Tech;9;1;11.1
300553.SZ;JZABM;9;3;33.3
300554.SZ;DIASC;9;2;22.2
300555.SZ;ST Lootom;5;0;0.0
300556.SZ;Shenzhen Silkroad;7;1;14.3
300557.SZ;Wutos;11;1;9.1
300558.SZ;Betta Pharmaceuticals;12;3;25.0
300559.SZ;Jiafaet;7;1;14.3
300560.SZ;Zhong Fu Tong;9;3;33.3
300561.SZ;SGSG;7;2;28.6
300562.SZ;Lifesense;7;1;14.3
300563.SZ;Shenyu;8;2;25.0
300564.SZ;Zhubo Design;9;1;11.1
300565.SZ;Shenzhen Kexin;8;1;12.5
300566.SZ;Exciton;9;2;22.2
300567.SZ;JC;9;4;44.4
300568.SZ;Senior;8;1;12.5
300569.SZ;TNP;8;2;25.0
300570.SZ;T&S;9;2;22.2
300571.SZ;Anysoft;5;0;0.0
300572.SZ;Shenzhen Anche;7;1;14.3
300573.SZ;Shenyang Xingqi Pharmaceutical;9;4;44.4
300575.SZ;Flagchem;7;2;28.6
300576.SZ;Rongda;9;1;11.1
300577.SZ;Korrun;7;2;28.6
300579.SZ;BJCA;9;3;33.3
300580.SZ;Best;5;1;20.0
300581.SZ;Chenxi Aviation;7;5;71.4
300582.SZ;Inventronics;9;2;22.2
300583.SZ;Shandong Sito Bio;7;2;28.6
300584.SZ;Hicin;7;1;14.3
300585.SZ;ALAE;9;2;22.2
300586.SZ;Malion;8;0;0.0
300587.SZ;Zhejiang Tiantie;7;0;0.0
300588.SZ;Sailing;7;2;28.6
300589.SZ;JL;8;3;37.5
300590.SZ;Queclink;5;0;0.0
300591.SZ;Wanlima;7;2;28.6
300592.SZ;Huakai Creative;9;0;0.0
300593.SZ;Suplet;9;0;0.0
300594.SZ;Longertek;9;1;11.1
300595.SZ;Autek;9;3;33.3
300596.SZ;Rianlon;7;4;57.1
300597.SZ;Jilin JLU Communication;11;4;36.4
300598.SZ;Archermind;9;5;55.6
300599.SZ;X&S;9;2;22.2
300600.SZ;Changshu Ruite Electric;8;3;37.5
300601.SZ;Biokangtai;7;0;0.0
300602.SZ;FRD;7;2;28.6
300603.SZ;Leon Technology;9;3;33.3
300604.SZ;TECH;9;3;33.3
300605.SZ;Hengfeng Information;5;1;20.0
300606.SZ;Goldsun;9;2;22.2
300607.SZ;Topstar;9;1;11.1
300609.SZ;Winner;7;2;28.6
300610.SZ;Yangzhou Chenhua;9;3;33.3
300611.SZ;Meili;9;2;22.2
300612.SZ;Shunya International;7;0;0.0
300613.SZ;Fullhan;9;1;11.1
300615.SZ;XDC;7;0;0.0
300616.SZ;Order Your Life;7;1;14.3
300617.SZ;Ankura;7;1;14.3
300618.SZ;Hanrui Cobalt;6;1;16.7
300619.SZ;G.M.K;7;0;0.0
300620.SZ;AFR;9;4;44.4
300621.SZ;Weiye Decoration;9;3;33.3
300622.SZ;Doctor;9;3;33.3
300623.SZ;Jiangsu Jiejie Microelectronics;9;0;0.0
300624.SZ;Wondershare;6;1;16.7
300625.SZ;Guangdong Pak;9;1;11.1
300626.SZ;Huarui Electrical;9;1;11.1
300627.SZ;Huace;8;1;12.5
300628.SZ;Yealink;9;1;11.1
300629.SZ;Jingang;7;1;14.3
300631.SZ;Jiangsu Jiuwu Hi-Tech;9;0;0.0
300632.SZ;Gopro;7;1;14.3
300633.SZ;Sonoscape;7;1;14.3
300634.SZ;Richinfo;9;1;11.1
300635.SZ;Sinodaan;9;1;11.1
300636.SZ;Jiangxi Synergy Pharma;9;0;0.0
300637.SZ;Zhejiang Yangfan;7;1;14.3
300638.SZ;Fbocom;7;2;28.6
300639.SZ;Hybribio;9;2;22.2
300640.SZ;Profit;7;3;42.9
300641.SZ;Jiangsu Zhengdan;9;3;33.3
300642.SZ;Tellgen;7;1;14.3
300643.SZ;Hamaton;8;3;37.5
300644.SZ;Julong;8;2;25.0
300645.SZ;Zhengyuan Zhihui;9;3;33.3
300647.SZ;Pccooler;5;2;40.0
300648.SZ;Nebula Electronics;8;3;37.5
300649.SZ;Hangzhou Landscape;9;2;22.2
300650.SZ;Tecnon;6;3;50.0
300651.SZ;Jinling Sports;8;1;12.5
300652.SZ;Radical;7;4;57.1
300653.SZ;ZH-Bio;9;2;22.2
300654.SZ;Astro Century;7;3;42.9
300655.SZ;Jingrui;9;1;11.1
300656.SZ;Mindeo;7;0;0.0
300657.SZ;Hon-Flex;8;2;25.0
300658.SZ;Yanjan Industry;8;2;25.0
300659.SZ;Zhongfu Information;6;1;16.7
300660.SZ;Leili;9;0;0.0
300661.SZ;SBON;7;4;57.1
300662.SZ;Career International;7;2;28.6
300663.SZ;CSII;8;0;0.0
300664.SZ;Penyao Environmental;5;0;0.0
300665.SZ;Feilu;6;1;16.7
300666.SZ;KFMI;9;3;33.3
300667.SZ;Beetech;9;0;0.0
300668.SZ;J&A;9;1;11.1
300669.SZ;Huning Elevator;9;2;22.2
300670.SZ;Daybright Electric;5;0;0.0
300671.SZ;Rich and Light;9;3;33.3
300672.SZ;Goke Microelectronics;7;0;0.0
300673.SZ;CPET;7;2;28.6
300674.SZ;Yusys Technologies;9;3;33.3
300675.SZ;Shenzhen Institute Building;9;1;11.1
300676.SZ;BGI;9;1;11.1
300677.SZ;Intco;9;5;55.6
300678.SZ;Casit;9;2;22.2
300679.SZ;Electric Connector Technology;7;0;0.0
300680.SZ;Wuxi Longsheng;8;0;0.0
300681.SZ;Enpower;9;1;11.1
300682.SZ;Longshine;8;3;37.5
300683.SZ;Hiteck;9;2;22.2
300684.SZ;Jones;9;2;22.2
300685.SZ;Amoydx;7;1;14.3
300686.SZ;CDL;5;2;40.0
300687.SZ;SIE;7;1;14.3
300688.SZ;Darkhorse;5;3;60.0
300689.SZ;Chengtian Weiye;7;3;42.9
300690.SZ;Shuangyi;9;1;11.1
300691.SZ;Union;7;0;0.0
300692.SZ;Sinofu Technology;10;4;40.0
300693.SZ;Sinexcel;9;3;33.3
300694.SZ;Wuxi Lihu;7;0;0.0
300695.SZ;Zhejiang Zhaofeng;7;1;14.3
300696.SZ;ALD;5;3;60.0
300697.SZ;Electrical Alloys;5;1;20.0
300698.SZ;Wanma Technology;9;6;66.7
300699.SZ;GW;9;2;22.2
300700.SZ;Dialine;7;1;14.3
300701.SZ;Senba Optoelectronic;8;5;62.5
300702.SZ;Tianyu Pharm;8;2;25.0
300703.SZ;Cre8 Direct;9;2;22.2
300705.SZ;Jiudian Pharmaceutical;7;2;28.6
300706.SZ;Acetron;7;1;14.3
300707.SZ;VT Industrial;5;1;20.0
300708.SZ;Focus Lightings;8;2;25.0
300709.SZ;Gian;9;2;22.2
300710.SZ;Prevail;7;1;14.3
300711.SZ;GHT;9;2;22.2
300712.SZ;Yongfu;9;0;0.0
300713.SZ;Increase;8;2;25.0
300715.SZ;Canlon;7;2;28.6
300716.SZ;Guangdong Guoli;9;3;33.3
300717.SZ;Huaxin;9;2;22.2
300718.SZ;CSB;9;1;11.1
300719.SZ;Andawell;8;2;25.0
300720.SZ;HDM;7;2;28.6
300721.SZ;Jiangsu Yida Chemical;7;2;28.6
300722.SZ;Jiangxi Xinyu Guoke;9;0;0.0
300723.SZ;Yipinhong Pharma;5;1;20.0
300724.SZ;S.C;9;2;22.2
300725.SZ;Pharmablock;7;4;57.1
300726.SZ;Zhuzhou Hongda Electronics;7;5;71.4
300727.SZ;Runhe;7;2;28.6
300729.SZ;Loctek;7;3;42.9
300730.SZ;Creator;9;0;0.0
300731.SZ;Cotran;7;2;28.6
300732.SZ;Henan Provincial Comm;12;1;8.3
300733.SZ;Chengdu Xiling Power;7;1;14.3
300735.SZ;DBG;9;2;22.2
300736.SZ;Bybon;5;2;40.0
300737.SZ;CKS;7;1;14.3
300738.SZ;Guangdong Aofei Data;9;1;11.1
300739.SZ;Sunshine Global Circuits;7;1;14.3
300740.SZ;Yujiahui;7;3;42.9
300741.SZ;Huabao Flavours & Fragrances;9;2;22.2
300743.SZ;Todaytec;9;0;0.0
300745.SZ;Shinry Technologies;8;2;25.0
300746.SZ;Hanjia Data;9;1;11.1
300747.SZ;Raycus;9;0;0.0
300748.SZ;JL Mag;8;1;12.5
300749.SZ;Topstrong;8;2;25.0
300751.SZ;Maxwell;7;1;14.3
300752.SZ;Shenzhen Longli;7;1;14.3
300753.SZ;Apon;8;1;12.5
300755.SZ;Vats;9;1;11.1
300756.SZ;Jinma Rides;5;0;0.0
300757.SZ;Robo-Technik;7;1;14.3
300758.SZ;Hifichem;8;2;25.0
300759.SZ;Pharmaron;9;3;33.3
300760.SZ;Mindray;12;3;25.0
300761.SZ;Lihua;9;1;11.1
300762.SZ;Jushri Technologies;7;1;14.3
300763.SZ;Ningbo Ginlong Technologies;7;3;42.9
300765.SZ;CSPC Innovation;9;3;33.3
300766.SZ;Daily Interaction;9;0;0.0
300767.SZ;Quakesafe Technologies;7;1;14.3
300768.SZ;DPtech;9;0;0.0
300769.SZ;Dynanonic;7;1;14.3
300770.SZ;SNM;7;1;14.3
300771.SZ;Zhilai;9;2;22.2
300772.SZ;Windey;9;3;33.3
300773.SZ;Lakala Payment;9;1;11.1
300774.SZ;BGT;9;4;44.4
300775.SZ;Xi'an Triangle Defense;12;3;25.0
300776.SZ;DR Laser;7;1;14.3
300777.SZ;Sinofibers Technology;8;1;12.5
300778.SZ;New Land Tool;6;1;16.7
300779.SZ;HCPECT;9;3;33.3
300780.SZ;CPT;7;1;14.3
300781.SZ;Insight;9;4;44.4
300782.SZ;Maxscend;9;0;0.0
300783.SZ;Three Squirrels;8;1;12.5
300784.SZ;Rian Technologies;7;2;28.6
300785.SZ;Smzdm.com;8;2;25.0
300786.SZ;Guolin;9;1;11.1
300787.SZ;CE-Link;8;2;25.0
300788.SZ;CITIC Press Group;9;3;33.3
300789.SZ;TYE;7;1;14.3
300790.SZ;YTOT;9;1;11.1
300791.SZ;Sirio;9;4;44.4
300792.SZ;Onechance;9;0;0.0
300793.SZ;Cosonic;7;0;0.0
300795.SZ;Meorient;7;2;28.6
300796.SZ;BSM;9;1;11.1
300797.SZ;NCS;9;2;22.2
300798.SZ;Jinjipai;9;0;0.0
300800.SZ;Lihero;9;0;0.0
300801.SZ;Thwater;5;2;40.0
300802.SZ;Jutze;5;0;0.0
300803.SZ;Compass;9;3;33.3
300804.SZ;Guangkang Bio-Chem;7;0;0.0
300805.SZ;Brandmax;9;3;33.3
300806.SZ;SDK Brand New Future;9;2;22.2
300807.SZ;Tiamaes;7;3;42.9
300808.SZ;DP;7;1;14.3
300809.SZ;Hiecise;8;4;50.0
300810.SZ;Beijing Zhongkehaixun;8;0;0.0
300811.SZ;Poco Holding;7;2;28.6
300812.SZ;Etmade;7;1;14.3
300813.SZ;Tailin;7;0;0.0
300814.SZ;Jove;6;1;16.7
300815.SZ;EIT Environmental;7;1;14.3
300816.SZ;Actblue;7;1;14.3
300817.SZ;ZOB;9;3;33.3
300818.SZ;NP;8;0;0.0
300819.SZ;Jujie Micro;7;2;28.6
300820.SZ;Injet;9;1;11.1
300821.SZ;Dysiln;9;2;22.2
300822.SZ;BTK;7;1;14.3
300823.SZ;TJK;9;3;33.3
300824.SZ;Buydeem;8;2;25.0
300825.SZ;IAT;7;1;14.3
300826.SZ;NJCKY;9;1;11.1
300827.SZ;Sineng;9;0;0.0
300828.SZ;RXHT;5;2;40.0
300829.SZ;Jindan;7;0;0.0
300830.SZ;Jinxiandai;7;2;28.6
300831.SZ;Peri;9;3;33.3
300832.SZ;SNIBE;8;3;37.5
300833.SZ;Goldensea;7;2;28.6
300835.SZ;Sinomag Technology;9;0;0.0
300836.SZ;Kstopa;9;4;44.4
300837.SZ;Zhe Kuang Heavy;7;2;28.6
300838.SZ;Linor;7;1;14.3
300839.SZ;BHPCC;7;2;28.6
300840.SZ;Kutesmart;8;4;50.0
300841.SZ;Kangh;11;1;9.1
300842.SZ;DKEM;5;1;20.0
300843.SZ;Shenglan Technology;7;1;14.3
300844.SZ;S.P.I Landscape;9;1;11.1
300845.SZ;J&T Hi-Tech;8;2;25.0
300846.SZ;CDS;8;3;37.5
300847.SZ;Zhong Chuan Han Guang;9;1;11.1
300848.SZ;Miracll;7;0;0.0
300849.SZ;JSPL;9;2;22.2
300850.SZ;LYXQL;7;0;0.0
300851.SZ;Beijing Jiaoda Signal;6;1;16.7
300852.SZ;FSQuality;6;1;16.7
300853.SZ;Shenhao Technology;7;1;14.3
300854.SZ;GAD Environmental;9;3;33.3
300855.SZ;Toland Alloy;7;0;0.0
300857.SZ;Sharetronic;7;1;14.3
300858.SZ;Scitop Bio-Tech;7;4;57.1
300859.SZ;Western Tourism;9;4;44.4
300860.SZ;Feng Shang Shi Ji;7;2;28.6
300861.SZ;Metron;7;1;14.3
300862.SZ;Landun Photoelectron;8;3;37.5
300863.SZ;NB KBE;7;3;42.9
300864.SZ;Academy Environmental;9;3;33.3
300865.SZ;Chengdu Dahongli;6;3;50.0
300866.SZ;Anker Innovations;9;1;11.1
300867.SZ;Shengyuan Environmental;9;0;0.0
300868.SZ;Shenzhen Jame;6;1;16.7
300869.SZ;Contec;5;1;20.0
300870.SZ;Honoto;8;3;37.5
300871.SZ;Hvsen Biotechnology;5;1;20.0
300872.SZ;Tansun Technology;7;0;0.0
300873.SZ;HIC;7;2;28.6
300875.SZ;Tianjin Jieqiang;8;2;25.0
300876.SZ;Modern;5;0;0.0
300877.SZ;Anhui Jinchun Nonwoven;9;2;22.2
300878.SZ;Wecome;7;3;42.9
300879.SZ;Mowox;7;3;42.9
300880.SZ;JN;6;0;0.0
300881.SZ;Shengtak Newmaterial;5;2;40.0
300882.SZ;Wellsun;9;1;11.1
300883.SZ;LD Intelligent;7;2;28.6
300884.SZ;Dnake;7;1;14.3
300885.SZ;Seashine;5;1;20.0
300886.SZ;Hyea Aromas;9;0;0.0
300887.SZ;Pony;6;1;16.7
300888.SZ;Winner Group;7;3;42.9
300889.SZ;EXC Shares;9;0;0.0
300890.SZ;XFH;9;3;33.3
300891.SZ;Guangdong Huiyun Titanium;9;4;44.4
300892.SZ;Pinlive;9;3;33.3
300893.SZ;Songyuan Safety;7;1;14.3
300894.SZ;A Martian;7;0;0.0
300895.SZ;Topnew Info;11;4;36.4
300896.SZ;Imeik;9;2;22.2
300897.SZ;Seck;9;3;33.3
300898.SZ;Pandairy;9;0;0.0
300899.SZ;Keysino;9;2;22.2
300900.SZ;Guanglian Aviation;9;1;11.1
300901.SZ;Zoenn Design;7;3;42.9
300902.SZ;SSAFC;5;1;20.0
300903.SZ;Kingshine Electronic;5;2;40.0
300904.SZ;WLCD;7;2;28.6
300905.SZ;PPM;9;2;22.2
300906.SZ;Jiangxi Everbright;7;1;14.3
300907.SZ;Kangping;7;4;57.1
300908.SZ;Zhongjing Food;9;3;33.3
300909.SZ;HCD;7;3;42.9
300910.SZ;Richful;9;1;11.1
300911.SZ;Entive;7;2;28.6
300912.SZ;Kai Long;7;0;0.0
300913.SZ;Zhaolong;11;5;45.5
300915.SZ;Hi-Road;6;2;33.3
300916.SZ;Longtech;7;3;42.9
300917.SZ;Shenzhen SDG Service;9;2;22.2
300918.SZ;Nanshan Fashion;9;0;0.0
300919.SZ;CNC;10;1;10.0
300920.SZ;Runyang Technology;9;3;33.3
300921.SZ;Nova;7;1;14.3
300922.SZ;Tianqin Equipment;7;1;14.3
300923.SZ;Yeal;9;2;22.2
300925.SZ;Farben;8;1;12.5
300926.SZ;Bojun;7;2;28.6
300927.SZ;Nantong Jiangtian;9;2;22.2
300928.SZ;HAXC;7;1;14.3
300929.SZ;Anhui Huaqi Environmental;8;2;25.0
300930.SZ;Hangzhou Yitong;8;1;12.5
300931.SZ;General Elevator;9;2;22.2
300932.SZ;Sanyou Corporation;8;0;0.0
300933.SZ;Sinostar Cable;7;3;42.9
300935.SZ;YJK;9;1;11.1
300936.SZ;Changzhou Zhongying;7;1;14.3
300937.SZ;Hezong Medicine;9;2;22.2
300938.SZ;Emtek;7;0;0.0
300939.SZ;Shenzhen AV-Display;7;2;28.6
300940.SZ;Australis;7;0;0.0
300941.SZ;Chase;7;1;14.3
300942.SZ;Bioeasy;7;3;42.9
300943.SZ;Chunhui Controls;9;1;11.1
300945.SZ;Mclon;9;3;33.3
300947.SZ;Dobe;9;2;22.2
300948.SZ;Greensum Ecology;9;1;11.1
300949.SZ;L&A Group;7;2;28.6
300950.SZ;Doright;9;1;11.1
300952.SZ;Hanvo;9;4;44.4
300953.SZ;ZY;11;2;18.2
300955.SZ;Jahen Household;7;4;57.1
300956.SZ;Anhui Shiny Electronic;;;
300957.SZ;Botanee Group;9;3;33.3
300958.SZ;BCEG Environmental;9;3;33.3
300959.SZ;Online and Offline;5;2;40.0
300960.SZ;Tongye;9;3;33.3
300961.SZ;Hynar;6;2;33.3
300962.SZ;Zhongjin Irradiation;8;2;25.0
300963.SZ;Shield;9;0;0.0
300964.SZ;Allfavor;7;3;42.9
300965.SZ;Hengyu Datacom;7;2;28.6
300966.SZ;Hubei Goto Biopharm;9;1;11.1
300967.SZ;Xiaoming Agriculture;9;1;11.1
300968.SZ;GCPC;9;0;0.0
300969.SZ;HMC;7;3;42.9
300970.SZ;Chinagreen;9;1;11.1
300971.SZ;Boya;9;1;11.1
300972.SZ;Vanchen Mushrooms;9;5;55.6
300973.SZ;Ligao Foods;6;1;16.7
300976.SZ;Tarry;5;0;0.0
300977.SZ;Shenzhen Ruijie;6;2;33.3
300978.SZ;DJCorp;7;2;28.6
300979.SZ;HLIG;9;3;33.3
300980.SZ;Xiangyuan New Material;9;4;44.4
300981.SZ;Zhonghong Pulin;9;2;22.2
300982.SZ;Suwen Electric;7;1;14.3
300983.SZ;UA Design;7;1;14.3
300984.SZ;Zhejiang JW Precision;9;2;22.2
300985.SZ;Changchun Zhiyuan;9;3;33.3
300986.SZ;Geto;7;3;42.9
300987.SZ;SCN;8;2;25.0
300988.SZ;Jinrong Tianyu;9;3;33.3
300989.SZ;Lay-Out;12;1;8.3
300990.SZ;Sanhe Tongfei;9;3;33.3
300991.SZ;CHY;7;2;28.6
300992.SZ;Taifu Pump Industry;7;3;42.9
300993.SZ;Yuma;7;1;14.3
300994.SZ;Joykie;7;2;28.6
300995.SZ;Kitech;7;1;14.3
300996.SZ;Pansoft;8;1;12.5
300997.SZ;Huanlejia;9;2;22.2
300998.SZ;Ningbo Fangzheng;9;2;22.2
300999.SZ;Yihai Kerry Arawana;11;3;27.3
301000.SZ;Shanghai Hajime;7;2;28.6
301001.SZ;Kay Tune;5;4;80.0
301002.SZ;Sosen;7;0;0.0
301003.SZ;Jiangsu Boiln;7;0;0.0
301004.SZ;Cayi;8;2;25.0
301005.SZ;Essence Fastening;6;0;0.0
301006.SZ;Metter;7;0;0.0
301007.SZ;CDMS;9;3;33.3
301008.SZ;HC;8;3;37.5
301009.SZ;Coco;7;2;28.6
301010.SZ;Jiangsu Jingxue;9;1;11.1
301011.SZ;Wahlap;6;0;0.0
301012.SZ;Jiangsu Yangdian;5;1;20.0
301013.SZ;Lihexing;7;2;28.6
301015.SZ;Baheal Pharm;9;3;33.3
301016.SZ;Nanjing Railway;7;1;14.3
301017.SZ;Shuyu;9;3;33.3
301018.SZ;Shenling;9;3;33.3
301019.SZ;Ningbo Masterbatch;7;2;28.6
301020.SZ;Seal-Tech;9;2;22.2
301021.SZ;Inno Laser;7;1;14.3
301022.SZ;Qingdao Hi-Tech Moulds;8;1;12.5
301023.SZ;Yifan Motor;9;2;22.2
301024.SZ;Hyp-Arch;7;0;0.0
301025.SZ;Dook Media;5;2;40.0
301026.SZ;Hootech;9;0;0.0
301027.SZ;Hualan Group;9;2;22.2
301028.SZ;DT;7;1;14.3
301029.SZ;Dongguan Yiheda Automation;8;2;25.0
301030.SZ;Shijing Environment;5;0;0.0
301031.SZ;Sinofuse;9;2;22.2
301032.SZ;Zhejiang Xinchai;9;3;33.3
301033.SZ;Medprin;9;3;33.3
301036.SZ;Sunlour;9;0;0.0
301037.SZ;Baolijia;7;2;28.6
301038.SZ;Shenzhen Water Planning;8;0;0.0
301039.SZ;CIMC Vehicles;9;3;33.3
301040.SZ;Zhangjiagang Zhonghuan;6;1;16.7
301041.SZ;King Brother;5;1;20.0
301042.SZ;Raysharp;9;1;11.1
301043.SZ;Nedfon;5;0;0.0
301045.SZ;Talant Optronics;7;1;14.3
301046.SZ;Hanghai Nenghui;9;3;33.3
301047.SZ;SB;7;2;28.6
301048.SZ;Gemac;9;1;11.1
301049.SZ;Chaoyue Environmental;8;2;25.0
301050.SZ;RML;7;0;0.0
301051.SZ;Xinhao;5;2;40.0
301052.SZ;Quinoa Culture;6;2;33.3
301053.SZ;Yoantion;6;2;33.3
301055.SZ;Zhang Xiaoquan;10;1;10.0
301056.SZ;Safe Reach;7;1;14.3
301057.SZ;Welong;5;0;0.0
301058.SZ;Cofco;9;2;22.2
301059.SZ;JSJ;5;2;40.0
301060.SZ;Labway;7;3;42.9
301061.SZ;HHC;9;4;44.4
301062.SZ;Ailu;6;5;83.3
301063.SZ;HG;7;1;14.3
301065.SZ;Zhejiang Benli Technology;7;1;14.3
301066.SZ;Wensli;9;3;33.3
301067.SZ;Fullink Technology;5;2;40.0
301068.SZ;A Great Ocean;8;3;37.5
301069.SZ;Shandong Kaisheng;11;1;9.1
301070.SZ;Kale Environmental;5;2;40.0
301071.SZ;Strength Diamonds;7;2;28.6
301072.SZ;Zhongjie (Jiangsu) Technology;9;1;11.1
301073.SZ;SSAW;8;3;37.5
301075.SZ;Tibet Duo Rui Pharma;7;1;14.3
301076.SZ;Sino-High;9;2;22.2
301077.SZ;CNSS;9;2;22.2
301078.SZ;Kidswant;8;1;12.5
301079.SZ;Victor Hydraulics;5;1;20.0
301080.SZ;Acrobiosystems;7;3;42.9
301081.SZ;YP;7;0;0.0
301082.SZ;TEC;7;0;0.0
301083.SZ;Bisen;7;4;57.1
301085.SZ;Asiacom Technology;7;1;14.3
301086.SZ;HFH;7;0;0.0
301087.SZ;Cofoe;7;1;14.3
301088.SZ;Rumere;5;2;40.0
301089.SZ;Tuoxin Pharm;9;2;22.2
301090.SZ;Crcchem;9;0;0.0
301091.SZ;SUTPC;7;1;14.3
301092.SZ;Zhengguang;7;0;0.0
301093.SZ;Jiangsu Hualan New Pharma;9;2;22.2
301095.SZ;Semitronix;7;2;28.6
301096.SZ;Bio-S;9;2;22.2
301097.SZ;Tianyi Med;7;1;14.3
301098.SZ;Jinpu Landscape;9;3;33.3
301099.SZ;Texin;7;2;28.6
301100.SZ;Fengguang;7;3;42.9
301101.SZ;Mingyue Optical;7;1;14.3
301102.SZ;Mega-Info Media;7;1;14.3
301103.SZ;Liaoning He Eye Hospital;7;3;42.9
301105.SZ;Hongming;7;1;14.3
301106.SZ;Jiangsu Smartwin;9;2;22.2
301108.SZ;Tongling Jieya;9;3;33.3
301109.SZ;Jun Xin;11;2;18.2
301110.SZ;Qingmu;7;1;14.3
301111.SZ;Lifestrong;8;2;25.0
301112.SZ;UFA;7;1;14.3
301113.SZ;Yayi;5;2;40.0
301115.SZ;Link Tech;9;3;33.3
301116.SZ;Ecolovo;9;3;33.3
301117.SZ;WJP;5;2;40.0
301118.SZ;Hengguang;7;2;28.6
301119.SZ;ZQ;5;0;0.0
301120.SZ;NST;8;2;25.0
301121.SZ;VDL;7;0;0.0
301122.SZ;Caina;9;3;33.3
301123.SZ;YDET;5;0;0.0
301125.SZ;Toua;9;1;11.1
301126.SZ;Dajiaweikang;9;4;44.4
301127.SZ;Wuhan Tianyuan;9;5;55.6
301128.SZ;CR;9;1;11.1
301129.SZ;Runa;9;2;22.2
301130.SZ;Jilin Xidian Pharma;9;3;33.3
301131.SZ;Selon;9;3;33.3
301132.SZ;Mankun Technology;8;4;50.0
301133.SZ;JZ;7;2;28.6
301135.SZ;Real-Design Intelligence;9;4;44.4
301136.SZ;Fujian Tendering;9;2;22.2
301138.SZ;Gzhuayan;8;2;25.0
301139.SZ;Wintao Communications;7;0;0.0
301141.SZ;Zhongkemagnet;9;4;44.4
301148.SZ;Jiarong Technology;9;3;33.3
301149.SZ;Shandong Longhua;6;2;33.3
301150.SZ;Hubei Zhongyi;6;2;33.3
301151.SZ;Karon;7;4;57.1
301152.SZ;Tianli Energy;9;1;11.1
301153.SZ;CTJ Info-Tech;11;3;27.3
301155.SZ;Haili;8;1;12.5
301156.SZ;Menon;7;2;28.6
301157.SZ;Huasu;8;0;0.0
301158.SZ;Dezhou United Petroleum;9;0;0.0
301159.SZ;Sunwayworld;7;2;28.6
301160.SZ;Xianglou New Material;10;3;30.0
301161.SZ;Vone Sealed;7;0;0.0
301162.SZ;State Power Rixin;8;2;25.0
301163.SZ;Jiangsu Hongde;7;1;14.3
301165.SZ;Ruijie;9;3;33.3
301167.SZ;Anhui Provincial Arch;9;2;22.2
301168.SZ;Tonglin Electric;7;3;42.9
301169.SZ;Count Zero;7;1;14.3
301170.SZ;XN;5;1;20.0
301171.SZ;Yeahmobi;9;3;33.3
301172.SZ;Joyou;9;1;11.1
301173.SZ;Yuchange Guanjia;9;4;44.4
301176.SZ;Ganzhou Yihao;6;2;33.3
301177.SZ;DR;9;3;33.3
301178.SZ;T.Y.M.;8;4;50.0
301179.SZ;Zeyu;7;3;42.9
301180.SZ;Suzhou Wanxiang;7;2;28.6
301181.SZ;Pivot;7;1;14.3
301182.SZ;Carve;7;0;0.0
301183.SZ;Doti;6;3;50.0
301185.SZ;Ouma;9;0;0.0
301186.SZ;Chaoda;9;0;0.0
301187.SZ;Suzhou Alton;6;1;16.7
301188.SZ;Linuo;7;1;14.3
301189.SZ;Aoni;9;1;11.1
301190.SZ;Shanshui Technolo;9;3;33.3
301192.SZ;Taixiang;5;1;20.0
301193.SZ;HL;7;2;28.6
301195.SZ;Nanjing Bestway;9;1;11.1
301196.SZ;Vork;8;1;12.5
301197.SZ;Gongda Keya;9;1;11.1
301198.SZ;Joyful Zhixing;5;0;0.0
301199.SZ;Mhauto;5;2;40.0
301200.SZ;Han's Laser;9;3;33.3
301201.SZ;Chengda;9;3;33.3
301202.SZ;Longway;7;1;14.3
301203.SZ;GTEP;9;2;22.2
301205.SZ;Linktel;9;1;11.1
301206.SZ;Shandong Sanyuan Bio;9;1;11.1
301207.SZ;HuaLan Vaccine;7;4;57.1
301208.SZ;China Etek;8;1;12.5
301209.SZ;Lkunion;6;1;16.7
301210.SZ;Golden Ocean;9;1;11.1
301211.SZ;Biocause;8;1;12.5
301212.SZ;RC;9;2;22.2
301213.SZ;C View;7;0;0.0
301215.SZ;CATARC Automotive;9;3;33.3
301216.SZ;Wkai;8;1;12.5
301217.SZ;Anhui Tongguan Copper;9;2;22.2
301218.SZ;Zhejiang Whyis;6;1;16.7
301219.SZ;Ganzhou Teng Yuan;12;4;33.3
301220.SZ;Asia Aroma;10;1;10.0
301221.SZ;GIS;8;1;12.5
301222.SZ;Hengwei;7;1;14.3
301223.SZ;ZRP;;;
301225.SZ;Hengbo Holdings;8;2;25.0
301226.SZ;Xiangming Electromotor;5;1;20.0
301227.SZ;Sayas;7;3;42.9
301229.SZ;Jiangsu New Technology;8;0;0.0
301230.SZ;Pharmaresources;9;2;22.2
301231.SZ;Ronshin;9;5;55.6
301232.SZ;Finework;9;1;11.1
301233.SZ;Chengdu Shengbang;7;1;14.3
301234.SZ;WM;7;1;14.3
301235.SZ;Huakang;7;1;14.3
301236.SZ;iSoftStone;9;0;0.0
301237.SZ;Heshun;7;3;42.9
301238.SZ;Jiangsu Ruitai;9;0;0.0
301239.SZ;Bright Eye Hospital;5;0;0.0
301246.SZ;Hongyuan Pharmaceutical;9;0;0.0
301248.SZ;Nexwise;9;1;11.1
301252.SZ;Tongxing;7;1;14.3
301255.SZ;Tongli;7;0;0.0
301256.SZ;HCCL;6;1;16.7
301257.SZ;SMO Clinplus;9;2;22.2
301258.SZ;Suzhou Fushilai;7;1;14.3
301259.SZ;Air Bluer;5;0;0.0
301260.SZ;Greenworks;7;2;28.6
301261.SZ;Hengong Precision;7;2;28.6
301262.SZ;Hicon;9;2;22.2
301263.SZ;T&K;7;1;14.3
301265.SZ;HX;6;1;16.7
301266.SZ;Yourbuddy;8;3;37.5
301267.SZ;Huaxia Eye Hospital Group;7;0;0.0
301268.SZ;Minglida;9;3;33.3
301269.SZ;Empyrean;12;3;25.0
301270.SZ;Hanyi Fonts;9;3;33.3
301272.SZ;Invotech;9;2;22.2
301273.SZ;Rychen Technologies;7;1;14.3
301275.SZ;Hansuo;8;1;12.5
301276.SZ;Jiaman Dress;7;4;57.1
301277.SZ;Newland Pharma;9;1;11.1
301278.SZ;QC;6;3;50.0
301279.SZ;Jindao;7;0;0.0
301280.SZ;Zuch;9;1;11.1
301281.SZ;Keyuan Pharm;7;2;28.6
301282.SZ;Camelots PCB;5;1;20.0
301283.SZ;Focus;9;1;11.1
301285.SZ;Hong Ri Da;5;1;20.0
301286.SZ;Qiaoyuan Gas;6;0;0.0
301287.SZ;Kang Li Yuan;9;1;11.1
301288.SZ;Qingyan Environment;9;5;55.6
301289.SZ;TICW;;;
301290.SZ;Canopus;8;3;37.5
301291.SZ;Mingyang Electric;9;1;11.1
301292.SZ;Hi-Tech Spring;9;0;0.0
301293.SZ;Double Brain;9;2;22.2
301295.SZ;Meishuo;9;2;22.2
301296.SZ;Xinjufeng Pack;8;3;37.5
301297.SZ;Ferrotec;6;1;16.7
301298.SZ;Dongli Machinery;9;1;11.1
301299.SZ;Sublime China;7;3;42.9
301300.SZ;Yuanxiang;9;2;22.2
301301.SZ;Yili Chuannig Biotechnology;9;2;22.2
301302.SZ;Huaru;6;2;33.3
301303.SZ;Zenner;11;1;9.1
301305.SZ;Longkun Technology;7;1;14.3
301306.SZ;Western Testing;9;1;11.1
301307.SZ;Millison;9;1;11.1
301308.SZ;Jiang Bolong;9;1;11.1
301309.SZ;Wind Kai;9;1;11.1
301310.SZ;Wuxi Xinhongye;7;4;57.1
301311.SZ;KSEC Intelligent;9;3;33.3
301312.SZ;In-Cube;7;2;28.6
301313.SZ;Frontop;7;1;14.3
301314.SZ;Kles;7;0;0.0
301315.SZ;Wisdom;5;2;40.0
301316.SZ;Hydsoft;8;0;0.0
301317.SZ;Xinlei;8;3;37.5
301318.SZ;VHD;6;0;0.0
301319.SZ;Vital New Material;7;2;28.6
301320.SZ;Richmat;9;1;11.1
301321.SZ;Hanbo High Tech;7;3;42.9
301322.SZ;Lvtong;7;2;28.6
301323.SZ;Guangzhou Newlife;7;2;28.6
301325.SZ;Manst;9;4;44.4
301326.SZ;JP;7;1;14.3
301327.SZ;Hello Tech;7;4;57.1
301328.SZ;Wcon;5;0;0.0
301329.SZ;EMC;9;2;22.2
301330.SZ;ZKTeco;7;1;14.3
301331.SZ;Enwei Pharmaceutical;8;2;25.0
301332.SZ;Deerma;5;0;0.0
301333.SZ;R&G;11;3;27.3
301335.SZ;Pet Star;9;2;22.2
301336.SZ;8H;6;1;16.7
301337.SZ;Yarward;9;2;22.2
301338.SZ;GKG;5;0;0.0
301339.SZ;Transtech;9;0;0.0
301345.SZ;Tao Motor;9;1;11.1
301348.SZ;Blue Arrow Electronics;9;3;33.3
301349.SZ;XD;5;1;20.0
301353.SZ;Prulde;8;1;12.5
301355.SZ;Nanwang Technology;7;0;0.0
301356.SZ;Tarzen;7;3;42.9
301357.SZ;North Long Dragon;7;2;28.6
301358.SZ;Hunan Yuneng;9;2;22.2
301359.SZ;Dongnan;9;1;11.1
301360.SZ;Rongcheer Industrial;8;1;12.5
301361.SZ;Zhongzhipharm;9;3;33.3
301362.SZ;Up-shine Lighting;9;4;44.4
301363.SZ;Mehow;9;0;0.0
301365.SZ;Matrix;7;1;14.3
301366.SZ;Edadoc;8;1;12.5
301367.SZ;Remit;9;1;11.1
301368.SZ;Fore;9;3;33.3
301369.SZ;Powertech;5;1;20.0
301370.SZ;GKHT;9;2;22.2
301371.SZ;Fuerjia;6;2;33.3
301372.SZ;Kingsemi;7;4;57.1
301373.SZ;Lingwe;5;2;40.0
301376.SZ;Ziel Home;9;1;11.1
301377.SZ;Dtech;9;3;33.3
301378.SZ;Tongda Hai;7;1;14.3
301379.SZ;Techshine;7;2;28.6
301380.SZ;Watuer;7;0;0.0
301381.SZ;Saiwei Times;9;4;44.4
301382.SZ;A Bee Assistant;9;0;0.0
301383.SZ;Minami;9;4;44.4
301386.SZ;Witera;9;2;22.2
301387.SZ;Bromake;8;0;0.0
301388.SZ;C-Lin;7;2;28.6
301389.SZ;Long Yang Electronics;5;3;60.0
301390.SZ;Gisway;8;0;0.0
301391.SZ;Colorlight;7;2;28.6
301392.SZ;Hcvac;7;2;28.6
301393.SZ;High Fine;9;0;0.0
301395.SZ;Renxin New Material;9;1;11.1
301396.SZ;Gloryview Tech;5;3;60.0
301397.SZ;Chongqing Sulian;8;0;0.0
301398.SZ;Sinyuan ZM;8;2;25.0
301399.SZ;Extek;7;2;28.6
301408.SZ;Huaren Health;9;1;11.1
301413.SZ;Mpron;8;2;25.0
301418.SZ;Xie Chang;9;1;11.1
301419.SZ;Allied;9;1;11.1
301421.SZ;Wavelength Optoelectronics;9;2;22.2
301428.SZ;Shijihengtong;7;1;14.3
301429.SZ;Sentai;9;1;11.1
301439.SZ;Weihaishi Honglin;9;4;44.4
301446.SZ;Fost;7;1;14.3
301448.SZ;KCGJ;9;1;11.1
301456.SZ;Pangu;7;1;14.3
301458.SZ;Kingdears;8;3;37.5
301459.SZ;Fengmao Share;9;2;22.2
301468.SZ;Bo Yingte;9;2;22.2
301469.SZ;Hengda New Material;9;1;11.1
301479.SZ;Homax;7;2;28.6
301486.SZ;Zesum;5;0;0.0
301487.SZ;MGL;9;0;0.0
301488.SZ;Haoen;6;1;16.7
301489.SZ;Suqun;9;1;11.1
301498.SZ;Gambol;10;3;30.0
301499.SZ;Veken Precision;5;2;40.0
301500.SZ;Feinan Resources;9;3;33.3
301501.SZ;Hengxin Life;7;3;42.9
301503.SZ;G.Tech;8;2;25.0
301505.SZ;Suzhou Planning;8;1;12.5
301507.SZ;Minsheng Healthcare;9;0;0.0
301508.SZ;Sinomach Inspection;9;0;0.0
301509.SZ;Kingchem;8;2;25.0
301510.SZ;Gutech;9;4;44.4
301511.SZ;Defu Technology;9;0;0.0
301512.SZ;Shenzhen Intelligent;9;2;22.2
301515.SZ;Tong Medical;9;2;22.2
301516.SZ;Coscol;9;2;22.2
301517.SZ;HD;9;1;11.1
301518.SZ;Changhua;9;2;22.2
301519.SZ;Shunyu Water;9;1;11.1
301520.SZ;Wanbang Pharma;5;2;40.0
301525.SZ;Ruking;5;0;0.0
301526.SZ;IMS;9;2;22.2
301528.SZ;Doppler;7;2;28.6
301529.SZ;Fastay;8;2;25.0
301533.SZ;Weima;7;1;14.3
301535.SZ;Zhejiang Huayuan;8;1;12.5
301536.SZ;Sigmastar;9;2;22.2
301538.SZ;Jddtech;9;4;44.4
301539.SZ;HXTL;7;2;28.6
301548.SZ;Sund;9;2;22.2
301550.SZ;Sling Zhidu;5;1;20.0
301551.SZ;Wireless Media;9;1;11.1
301555.SZ;WAM;9;2;22.2
301556.SZ;Topyunnong;7;2;28.6
301557.SZ;Changyou;7;2;28.6
301558.SZ;SFC;7;1;14.3
301559.SZ;CIMC Safeway;8;2;25.0
301565.SZ;Sinolong;7;1;14.3
301566.SZ;Dalicap;9;2;22.2
301567.SZ;Bei Long;7;1;14.3
301568.SZ;Sinic-Tek;9;1;11.1
301571.SZ;Guoke Tiancheng;7;2;28.6
301577.SZ;FPE;5;3;60.0
301578.SZ;Cisen;9;5;55.6
301580.SZ;Aidite;9;3;33.3
301581.SZ;HSTD;9;0;0.0
301586.SZ;Jialiqi;8;1;12.5
301587.SZ;Zhongrui;5;0;0.0
301588.SZ;Meixin;9;2;22.2
301589.SZ;Novastar;7;2;28.6
301591.SZ;Kent Shares;9;2;22.2
301592.SZ;6912;9;0;0.0
301596.SZ;Reach;9;6;66.7
301598.SZ;Boco Test;8;1;12.5
301600.SZ;Huihan Shares;7;2;28.6
301601.SZ;Huitong Tech;12;1;8.3
301603.SZ;Qifeng Intelligent;5;0;0.0
301606.SZ;Greenlink;9;2;22.2
301607.SZ;Fute Technology;9;0;0.0
301608.SZ;Solid;7;0;0.0
301611.SZ;Korma Technology;7;2;28.6
301613.SZ;The New Aluminum Age;9;2;22.2
301616.SZ;HY;11;1;9.1
301617.SZ;Boyuan Corporation;8;1;12.5
301622.SZ;Int'l;6;2;33.3
301626.SZ;Tianmai Communication;7;2;28.6
301628.SZ;Qiangda Circuit;7;2;28.6
301629.SZ;Sili Electric;10;2;20.0
301631.SZ;Elion;9;3;33.3
301633.SZ;HKDI;8;0;0.0
301658.SZ;Shouhang New Energy;9;0;0.0
301665.SZ;CAC;9;3;33.3
302132.SZ;AVIC Chengfei;12;0;0.0
600000.SH;SPD Bank;15;3;20.0
600004.SH;GBIAC;7;1;14.3
600006.SH;DFP;9;0;0.0
600007.SH;CWTC Co.,Ltd;14;3;21.4
600008.SH;Beijing Capital;10;2;20.0
600009.SH;SIA;7;1;14.3
600010.SH;BSU;12;1;8.3
600011.SH;HPI;18;3;16.7
600012.SH;Anhui Expressway;9;1;11.1
600015.SH;Huaxia Bank;17;3;17.6
600016.SH;China Minsheng Bank;15;1;6.7
600017.SH;Rizhao Port;11;0;0.0
600018.SH;SIPG;11;1;9.1
600019.SH;Baosteel;10;2;20.0
600020.SH;Zhongyuan Expressway;11;2;18.2
600021.SH;SEP;13;1;7.7
600022.SH;Shandong Steel;8;1;12.5
600023.SH;Zhejiang Energy Electric Power;9;0;0.0
600025.SH;Huaneng Hydropower;15;0;0.0
600026.SH;CSET;10;2;20.0
600027.SH;HDPI;12;2;16.7
600028.SH;Sinopec Corp;14;1;7.1
600029.SH;China South Air;8;1;12.5
600030.SH;CITIC Securities;15;3;20.0
600031.SH;SANY;8;1;12.5
600032.SH;Zhejiang Provincial New Energy;9;1;11.1
600033.SH;Fujian Expressway;10;1;10.0
600035.SH;Chutian Expwy;9;0;0.0
600036.SH;CMB;13;2;15.4
600037.SH;BGCTV;12;1;8.3
600038.SH;HAI;9;0;0.0
600039.SH;SRBG;8;0;0.0
600048.SH;PRE;8;0;0.0
600051.SH;NUG;7;1;14.3
600052.SH;ZJGS;9;2;22.2
600053.SH;JD Capital;9;1;11.1
600055.SH;WDM;8;3;37.5
600056.SH;China Meheco;8;2;25.0
600057.SH;Xiangyu;15;3;20.0
600058.SH;Minlist;8;0;0.0
600059.SH;GYLS;11;2;18.2
600060.SH;HXDQ;8;1;12.5
600061.SH;SDIC Capital;8;2;25.0
600062.SH;CR Double-Crane;11;2;18.2
600063.SH;WWGX;8;1;12.5
600064.SH;NJGK;9;2;22.2
600066.SH;YTCO;9;1;11.1
600067.SH;Crown Advanced Material;5;2;40.0
600071.SH;Phenix Optical;9;0;0.0
600072.SH;CSSC-STC;7;0;0.0
600073.SH;SHB;9;3;33.3
600075.SH;XJTY;9;3;33.3
600076.SH;JBHG;9;2;22.2
600078.SH;ST CXPC;9;1;11.1
600079.SH;HWHG;9;2;22.2
600080.SH;Ginwa;5;3;60.0
600081.SH;DETC;7;1;14.3
600082.SH;Hitech Development;9;3;33.3
600084.SH;CITIC Wine;7;1;14.3
600085.SH;TRT;11;6;54.5
600088.SH;CTV Media;9;2;22.2
600089.SH;TBEA;11;2;18.2
600094.SH;Greattown;9;1;11.1
600095.SH;HHTG;9;1;11.1
600096.SH;YYTH;9;1;11.1
600098.SH;GDG;6;1;16.7
600099.SH;LH;9;0;0.0
600100.SH;THTF;7;0;0.0
600101.SH;MXEP;11;3;27.3
600103.SH;QSZY;9;3;33.3
600104.SH;SAIC Motor;8;1;12.5
600105.SH;Etern;6;0;0.0
600106.SH;CQRB;9;2;22.2
600107.SH;Mailyard;7;2;28.6
600108.SH;Yasheng Group;9;0;0.0
600109.SH;Sinolink Securities;11;2;18.2
600110.SH;Nuode;7;1;14.3
600111.SH;CNRE;14;3;21.4
600113.SH;ZJDR;7;0;0.0
600114.SH;NBTM;9;0;0.0
600115.SH;CEA;9;1;11.1
600116.SH;TGWC;14;2;14.3
600117.SH;XSS;9;0;0.0
600118.SH;China Spacesat;10;2;20.0
600119.SH;Y.I.C;7;0;0.0
600120.SH;ZJOFHC;7;0;0.0
600121.SH;ZCE;9;1;11.1
600123.SH;Shanxi Lanhua;8;0;0.0
600125.SH;CRT;9;2;22.2
600126.SH;HZIS;9;3;33.3
600127.SH;Jinjian Cereals Industry;7;0;0.0
600128.SH;Jiangsu Holly;6;3;50.0
600129.SH;Taiji Group;13;3;23.1
600130.SH;Bird;7;1;14.3
600131.SH;SMHC;10;1;10.0
600132.SH;CBC;9;2;22.2
600133.SH;ELHT;9;1;11.1
600135.SH;Lucky Film;9;2;22.2
600136.SH;Wuhan Mingcheng;8;2;25.0
600137.SH;Langshagufen;5;1;20.0
600138.SH;CYTS;11;4;36.4
600141.SH;Xingfa Group;13;2;15.4
600143.SH;Kingfa;11;1;9.1
600148.SH;CCYD;9;1;11.1
600149.SH;LFD;7;3;42.9
600150.SH;CSSC Holdings;11;2;18.2
600151.SH;HT-SAAE;9;0;0.0
600152.SH;Veken Technology;9;1;11.1
600153.SH;C&D Inc.;9;3;33.3
600155.SH;Huachuang Yunxin;9;0;0.0
600156.SH;HNHS;7;2;28.6
600157.SH;WTECL;8;2;25.0
600158.SH;CSI;9;1;11.1
600159.SH;D.L.Real Estate;9;0;0.0
600160.SH;ZJJH;12;1;8.3
600161.SH;BTBP;9;3;33.3
600162.SH;HKHC;8;3;37.5
600163.SH;ZMNY;9;3;33.3
600165.SH;Ningke Biology;7;0;0.0
600166.SH;Foton;11;1;9.1
600167.SH;LMH;7;0;0.0
600168.SH;WHKG;11;1;9.1
600169.SH;TYHI;7;0;0.0
600170.SH;SCG;7;1;14.3
600171.SH;Belling;9;2;22.2
600172.SH;HHWW;9;2;22.2
600173.SH;Wolong New Energy;9;2;22.2
600176.SH;CJS;9;2;22.2
600177.SH;Youngor;9;4;44.4
600178.SH;DAAE;8;1;12.5
600179.SH;Antong Holdings;9;1;11.1
600180.SH;CCS;4;2;50.0
600182.SH;Giti Tire;9;0;0.0
600183.SH;SYTECH;11;3;27.3
600184.SH;Northeo;7;2;28.6
600185.SH;Zhuhai Duty Free;9;2;22.2
600186.SH;LHG;9;1;11.1
600187.SH;ICW;7;1;14.3
600188.SH;Yanzhoucoal;11;1;9.1
600189.SH;JLSG;9;1;11.1
600191.SH;HZSY;8;1;12.5
600192.SH;GWE;9;1;11.1
600193.SH;Proreal Resources;5;1;20.0
600195.SH;CAHIC;7;1;14.3
600196.SH;Fosun Pharma;12;2;16.7
600198.SH;Datang Telecom;7;2;28.6
600199.SH;AGSW;8;0;0.0
600201.SH;Jinyu;8;1;12.5
600202.SH;HAC;9;3;33.3
600203.SH;FFEC;7;1;14.3
600206.SH;GRIAM;7;1;14.3
600207.SH;ACHT;8;1;12.5
600208.SH;Qzhou Development;7;2;28.6
600210.SH;ZJQY;9;2;22.2
600211.SH;Tibet Pharma;9;3;33.3
600212.SH;JQSY;7;1;14.3
600215.SH;CCJK;9;1;11.1
600216.SH;ZMC;12;4;33.3
600217.SH;CRE;7;1;14.3
600218.SH;QCEC;9;2;22.2
600219.SH;Nanshan Aluminium;10;2;20.0
600221.SH;HNA;9;0;0.0
600222.SH;Taloph;9;4;44.4
600223.SH;Lushangproperty;5;0;0.0
600226.SH;Hengtong;9;2;22.2
600227.SH;CHTH;9;2;22.2
600228.SH;CJBI;7;2;28.6
600229.SH;QCMC;10;1;10.0
600230.SH;CZDH;7;2;28.6
600231.SH;Ling Steel;9;2;22.2
600232.SH;GETM;9;1;11.1
600233.SH;YTO Express;10;3;30.0
600234.SH;GLCC;7;2;28.6
600235.SH;MFSP;8;1;12.5
600236.SH;GGEP;13;1;7.7
600237.SH;TFE;7;0;0.0
600238.SH;Hainan Yedao;9;0;0.0
600239.SH;YMRD;7;1;14.3
600243.SH;QHHD;9;0;0.0
600246.SH;Vantone Real Estate;8;1;12.5
600248.SH;Shaanxi Construction;9;1;11.1
600249.SH;LMZ;9;2;22.2
600250.SH;Nantex;8;3;37.5
600251.SH;Guannong Share;8;2;25.0
600252.SH;Zhongheng Group;7;1;14.3
600255.SH;AXNMC;7;0;0.0
600256.SH;Guanghui Energy;11;0;0.0
600257.SH;DHGF;5;1;20.0
600258.SH;BTG Hotels;11;3;27.3
600259.SH;China Rare Metals;9;1;11.1
600261.SH;Zhejiang Yankon;9;1;11.1
600262.SH;NHL;8;0;0.0
600265.SH;ST YJFC;6;0;0.0
600266.SH;BUCID;7;2;28.6
600267.SH;Hisun;9;4;44.4
600268.SH;SAC;9;1;11.1
600269.SH;Ganyue Expressway;9;1;11.1
600271.SH;Aisino Corporation;8;2;25.0
600272.SH;SHKK;9;3;33.3
600273.SH;JHEC;9;3;33.3
600276.SH;HengRui;11;2;18.2
600278.SH;OIE;9;2;22.2
600279.SH;CQGJ;8;1;12.5
600280.SH;ZYSC;7;3;42.9
600281.SH;Huayang New Material;8;0;0.0
600282.SH;NISCO;9;1;11.1
600283.SH;QJSL;11;3;27.3
600284.SH;PD Construction;10;2;20.0
600285.SH;Lingrui Pharma;9;1;11.1
600287.SH;Suho Fashion;4;1;25.0
600289.SH;ST Boco;9;0;0.0
600292.SH;TEIC;11;3;27.3
600293.SH;HBSXNBM;9;5;55.6
600295.SH;Erdos;9;3;33.3
600298.SH;Angel;11;4;36.4
600299.SH;Adisseo;11;1;9.1
600300.SH;VVFB;9;3;33.3
600301.SH;NNCI;9;1;11.1
600302.SH;Typical;6;0;0.0
600303.SH;SG Automotive Group;9;5;55.6
600305.SH;Hengshun Vinegar;9;1;11.1
600307.SH;JSHX;9;1;11.1
600308.SH;SDHT;9;0;0.0
600309.SH;Wanhua;11;0;0.0
600310.SH;GDEP;9;0;0.0
600312.SH;HPEC;9;1;11.1
600313.SH;NFSI;6;1;16.7
600315.SH;Shanghai Jahwa;8;0;0.0
600316.SH;HDAA;9;0;0.0
600318.SH;XLJR;5;0;0.0
600319.SH;Yaxing Chemical;9;1;11.1
600320.SH;ZPMC;9;1;11.1
600322.SH;TJRD;9;1;11.1
600323.SH;Grandblue Env;9;3;33.3
600325.SH;Huafa Industrial Share;9;0;0.0
600326.SH;TTC;9;1;11.1
600327.SH;CMC;9;3;33.3
600328.SH;Lantai Industry;9;3;33.3
600329.SH;TZXP;10;3;30.0
600330.SH;TDG;7;1;14.3
600331.SH;Hongda Co.,Ltd;8;1;12.5
600332.SH;Guangzhou Baiyunshan Pharmaceutical;9;1;11.1
600333.SH;CCRQ;10;2;20.0
600335.SH;Sinomach Auto;9;1;11.1
600336.SH;Aucma;9;4;44.4
600337.SH;MIHF;8;4;50.0
600338.SH;Mount Everest Tibet;7;0;0.0
600339.SH;CPEC;9;1;11.1
600340.SH;CFLD;9;2;22.2
600343.SH;Aerospace Power;9;0;0.0
600345.SH;YCIG;11;2;18.2
600346.SH;HLGF;8;1;12.5
600348.SH;YQMY;8;2;25.0
600350.SH;SDHS;14;4;28.6
600351.SH;Yabao Phar;9;0;0.0
600352.SH;Zhejiang Longsheng;9;0;0.0
600353.SH;CDXG;9;1;11.1
600354.SH;Dunhuang Seed;8;1;12.5
600355.SH;Routon;;;
600356.SH;Hengfeng Paper;9;1;11.1
600358.SH;ST Union;7;2;28.6
600359.SH;XTAD;5;0;0.0
600360.SH;Sino-Microelectronics;7;1;14.3
600361.SH;BJHLHM;9;2;22.2
600362.SH;JCCL;10;2;20.0
600363.SH;Lianovation;8;2;25.0
600365.SH;THGW;7;3;42.9
600366.SH;Yunsheng;9;1;11.1
600367.SH;GZRS;7;3;42.9
600368.SH;WZJT;12;3;25.0
600369.SH;SWSC;9;3;33.3
600370.SH;SFX;7;2;28.6
600371.SH;Wanxiang Doneed;5;0;0.0
600372.SH;AVIC Avionics;11;1;9.1
600373.SH;Chinese Media;11;0;0.0
600375.SH;Hualing Xingma;9;1;11.1
600376.SH;BCDC;8;2;25.0
600377.SH;Jiangsu Express;11;0;0.0
600378.SH;CTYC;9;2;22.2
600379.SH;BVEA;7;1;14.3
600380.SH;Joincare;10;4;40.0
600381.SH;Qinghai Spring;6;0;0.0
600382.SH;GDMZH;7;3;42.9
600383.SH;Gemdale;11;0;0.0
600386.SH;Bjbashi;8;3;37.5
600388.SH;LK;12;2;16.7
600389.SH;JSAC;9;2;22.2
600390.SH;Minmetals Capital;9;1;11.1
600391.SH;AECC AST;9;2;22.2
600392.SH;SHRC;12;1;8.3
600395.SH;PJRC;7;1;14.3
600396.SH;Huadian Liaoneng;12;2;16.7
600397.SH;Jiang Tungsten Equipment;9;3;33.3
600398.SH;HLA Group;9;2;22.2
600399.SH;FSSS;9;3;33.3
600400.SH;Hongdou Industrial;9;1;11.1
600403.SH;Dayou Energy;11;0;0.0
600405.SH;DPC;7;2;28.6
600406.SH;NARI-Tech;11;1;9.1
600408.SH;Antai Group;6;1;16.7
600409.SH;Sanyou Chemical;15;1;6.7
600410.SH;Teamsun;9;1;11.1
600415.SH;Yiwu CCC;10;1;10.0
600416.SH;XEMC;9;1;11.1
600418.SH;JAC;8;2;25.0
600419.SH;Tianrun Dairy;9;4;44.4
600420.SH;Shyndec;9;2;22.2
600421.SH;Yangfang Holding;7;0;0.0
600422.SH;KPC;15;3;20.0
600423.SH;LZCIC;9;2;22.2
600425.SH;QSCC;7;1;14.3
600426.SH;Hualu-Hengsheng;11;3;27.3
600429.SH;Sanyuan;9;1;11.1
600433.SH;GH;7;1;14.3
600435.SH;NNCC;8;2;25.0
600436.SH;Zhangzhou Pien Tze Huang;8;3;37.5
600438.SH;Tongwei;9;4;44.4
600439.SH;Rebecca;9;4;44.4
600444.SH;Guotong PP;11;3;27.3
600446.SH;SZKingdom;6;1;16.7
600448.SH;Huafang;9;3;33.3
600449.SH;NXBM;7;0;0.0
600452.SH;Fuling Power;9;2;22.2
600455.SH;But'one;7;4;57.1
600456.SH;Baoti;9;1;11.1
600458.SH;TMT;9;0;0.0
600459.SH;SPM;7;3;42.9
600460.SH;Silan;15;1;6.7
600461.SH;HC Waterworks;11;2;18.2
600463.SH;Airport Corp;7;0;0.0
600467.SH;Homey;9;0;0.0
600468.SH;Benefo;6;0;0.0
600469.SH;Aeolus Tyre;7;1;14.3
600470.SH;Liuguo Chemical;9;1;11.1
600475.SH;WHBC;9;3;33.3
600476.SH;Copote;9;2;22.2
600477.SH;HXSS;9;1;11.1
600478.SH;Corun;7;0;0.0
600479.SH;Qianjin Pharmaceutical;9;1;11.1
600480.SH;Lingyun Corporation;7;1;14.3
600481.SH;SEES;8;0;0.0
600482.SH;CSICP;10;0;0.0
600483.SH;Funeng;9;2;22.2
600486.SH;Yangnong Chemical;9;1;11.1
600487.SH;HTGD;12;0;0.0
600488.SH;TJPC;9;2;22.2
600489.SH;Zhongjin Gold;9;1;11.1
600490.SH;Pengxin Mining;7;1;14.3
600491.SH;LYCG;7;1;14.3
600493.SH;FZFZ;11;5;45.5
600495.SH;Jinxi Axle;7;1;14.3
600496.SH;CJJG;9;1;11.1
600497.SH;CH Zn&Ge;11;2;18.2
600498.SH;FiberHome;11;0;0.0
600499.SH;Keda;12;1;8.3
600500.SH;Sinochem International;6;0;0.0
600501.SH;Aerosun;8;2;25.0
600502.SH;AWRD;6;2;33.3
600503.SH;Deluxe Family;8;0;0.0
600505.SH;XCEP;14;2;14.3
600506.SH;XLGF;9;1;11.1
600507.SH;Fangda S.Steel;15;4;26.7
600508.SH;Shanghai Energy;8;2;25.0
600509.SH;TFNY;9;3;33.3
600510.SH;Black Peony;9;2;22.2
600511.SH;Sinopharm CNMC;9;2;22.2
600512.SH;Tengda Const;9;2;22.2
600513.SH;LHPharma;9;2;22.2
600515.SH;Hainan HNA Infrastructure;9;2;22.2
600516.SH;Fangda Carbon;10;3;30.0
600517.SH;ZXDQ;11;4;36.4
600518.SH;KMYY;8;1;12.5
600519.SH;Kweichow Moutai;7;3;42.9
600520.SH;Wenyi Technology;9;0;0.0
600521.SH;Huahai Pharm;9;1;11.1
600523.SH;GACO;9;0;0.0
600525.SH;CYG;9;1;11.1
600526.SH;Feida Enviro;11;2;18.2
600527.SH;JNGX;7;2;28.6
600528.SH;CRHIC;9;0;0.0
600529.SH;SDPG;9;0;0.0
600530.SH;Jiaoda Onlly;6;1;16.7
600531.SH;YGGL;9;0;0.0
600533.SH;Chixia Development;7;2;28.6
600535.SH;Tasly;15;2;13.3
600536.SH;Chinasoft;7;0;0.0
600537.SH;Eging PV;6;1;16.7
600538.SH;Gofar Stock;9;1;11.1
600539.SH;Lionhead;9;3;33.3
600540.SH;Xinsai;8;0;0.0
600543.SH;GSMG;9;1;11.1
600545.SH;XUCC;5;0;0.0
600546.SH;SCIE;11;3;27.3
600547.SH;SD-Gold;9;2;22.2
600548.SH;SZEW;12;3;25.0
600549.SH;XTC;9;3;33.3
600550.SH;Baoding Tianwei;8;1;12.5
600551.SH;Time Publishing;8;2;25.0
600552.SH;TSTC;7;2;28.6
600556.SH;Future Technology;7;3;42.9
600557.SH;Kanion Pharmaceutical;11;2;18.2
600558.SH;Atlantic;9;1;11.1
600559.SH;Lao Bai Gan Jiu;11;0;0.0
600560.SH;Aritime;9;0;0.0
600561.SH;Jiangxi Changyun;9;1;11.1
600562.SH;Glaruntech;9;2;22.2
600563.SH;Faratronic;9;2;22.2
600566.SH;Jumpcan;7;1;14.3
600567.SH;Shanying International;8;4;50.0
600568.SH;ST ZZYL;9;4;44.4
600569.SH;AYIS;9;1;11.1
600570.SH;Hundsun;11;2;18.2
600571.SH;Sunyard;9;0;0.0
600572.SH;Conba;9;2;22.2
600573.SH;Huiquan Beer;9;2;22.2
600575.SH;Wanjiang Logistics;9;1;11.1
600576.SH;Sunriver;7;1;14.3
600577.SH;TJSMW;9;4;44.4
600578.SH;BJP;9;1;11.1
600579.SH;Sinochem Equipment;9;4;44.4
600580.SH;Wolong Electric;10;1;10.0
600581.SH;BYIS;8;3;37.5
600582.SH;TDTEC;7;0;0.0
600583.SH;COOEC;6;0;0.0
600584.SH;JCET;12;1;8.3
600585.SH;ACC;9;2;22.2
600586.SH;JJKJ;8;2;25.0
600587.SH;Shinva;11;1;9.1
600588.SH;Yonyou;8;2;25.0
600590.SH;Tellhow;7;0;0.0
600592.SH;LS Bearings;9;0;0.0
600593.SH;Sunasia;8;1;12.5
600594.SH;Yibai Pharmaceutical;7;3;42.9
600595.SH;ZFSY;9;1;11.1
600596.SH;XACIG;10;2;20.0
600597.SH;Bright Dairy;7;3;42.9
600598.SH;HACL;9;3;33.3
600599.SH;Panda Financial;5;0;0.0
600600.SH;Tsingtao Brewery;8;3;37.5
600601.SH;*ST Foundertech;8;1;12.5
600602.SH;INESA-IT;6;2;33.3
600603.SH;GHWL;7;3;42.9
600604.SH;Shibei Hi-Tech;7;2;28.6
600605.SH;Huitong Energy;7;1;14.3
600606.SH;JF;11;0;0.0
600608.SH;Shanghai Technology;9;3;33.3
600609.SH;SJA;11;2;18.2
600610.SH;ZYD;7;3;42.9
600611.SH;DZT;8;4;50.0
600612.SH;L.F.X;9;2;22.2
600613.SH;Shenqi Pharmaceutical;9;3;33.3
600615.SH;Xinyuan Intelligent;9;1;11.1
600616.SH;SJW;9;5;55.6
600617.SH;GX Energy;11;1;9.1
600618.SH;SCAC;7;1;14.3
600619.SH;Highly Group;9;3;33.3
600620.SH;SHSTC;9;1;11.1
600621.SH;SHCF;9;2;22.2
600622.SH;EBJB;9;1;11.1
600623.SH;DCHL;7;0;0.0
600624.SH;Fudan Forward;7;4;57.1
600626.SH;SD;9;3;33.3
600628.SH;SNW;8;2;25.0
600629.SH;Arcplus;7;2;28.6
600630.SH;SHD;9;4;44.4
600633.SH;ZDDC;7;1;14.3
600635.SH;DZUG;9;1;11.1
600636.SH;3FNM;8;2;25.0
600637.SH;OPG;9;3;33.3
600638.SH;NHPRECL;9;1;11.1
600639.SH;Golden Bridge;7;3;42.9
600640.SH;BTH;9;1;11.1
600641.SH;Leadline;9;2;22.2
600642.SH;Shenergy;11;1;9.1
600643.SH;AJ;9;1;11.1
600644.SH;LEP;11;2;18.2
600645.SH;Vcanbio;9;3;33.3
600648.SH;Waigaoqiao Group;11;3;27.3
600649.SH;SMI Holding;9;1;11.1
600650.SH;Jinjiang Online;9;1;11.1
600651.SH;FACS;10;2;20.0
600653.SH;SSHC;7;1;14.3
600654.SH;Zhong Anke;9;3;33.3
600655.SH;YYTM;15;1;6.7
600657.SH;Cinda Real Estate;11;2;18.2
600658.SH;BEZ;7;1;14.3
600660.SH;FYG;12;5;41.7
600661.SH;SXN;11;0;0.0
600663.SH;LJZ;9;3;33.3
600664.SH;HPGC;9;4;44.4
600665.SH;Tande;11;0;0.0
600666.SH;*ST Aurora;6;2;33.3
600667.SH;WXTJ;9;3;33.3
600668.SH;ZJJF;8;1;12.5
600671.SH;TMSP;8;2;25.0
600673.SH;GDHEC;7;0;0.0
600674.SH;SCTE;11;1;9.1
600675.SH;CECL.;6;2;33.3
600676.SH;SJY.;7;1;14.3
600678.SH;SCGS;7;0;0.0
600679.SH;SPEG;11;1;9.1
600681.SH;Bestsun Rnregy;7;0;0.0
600682.SH;NJXB;9;2;22.2
600683.SH;MTL;9;1;11.1
600684.SH;GZPR;9;1;11.1
600685.SH;COMEC;8;1;12.5
600686.SH;KLM;7;2;28.6
600688.SH;SPC;11;1;9.1
600689.SH;SMEG;7;0;0.0
600691.SH;Luhua Technology;9;0;0.0
600693.SH;FJDB;7;2;28.6
600694.SH;DS;10;5;50.0
600696.SH;P2P Shares;7;2;28.6
600697.SH;CCEG;9;3;33.3
600698.SH;HNTY;8;0;0.0
600699.SH;NJEC;10;2;20.0
600702.SH;Tuopai Shede;11;0;0.0
600703.SH;San'an Opto;8;2;25.0
600704.SH;WZG;9;3;33.3
600706.SH;QJCT;8;3;37.5
600707.SH;CDD;9;1;11.1
600710.SH;SUMEC;9;0;0.0
600711.SH;CTM;7;0;0.0
600712.SH;N.N.Store;8;1;12.5
600713.SH;NPC;9;3;33.3
600714.SH;Jinrun Mineral;8;1;12.5
600715.SH;CIH;9;2;22.2
600716.SH;Phoenix Property;7;2;28.6
600717.SH;Tianjin Port;9;1;11.1
600718.SH;Neusoft;9;1;11.1
600719.SH;DTPC;9;2;22.2
600720.SH;CCCCDC;8;1;12.5
600721.SH;BHC;11;5;45.5
600722.SH;Jinniu Chemical;8;3;37.5
600724.SH;Ningbofuda;7;1;14.3
600725.SH;YNYW;9;1;11.1
600726.SH;HDECL;9;4;44.4
600727.SH;LBC;7;1;14.3
600728.SH;PCI-STCL;9;3;33.3
600729.SH;CBEST;13;2;15.4
600730.SH;China Hi-Tech;11;5;45.5
600731.SH;HLC;8;0;0.0
600732.SH;Shanghai Xinmei;7;2;28.6
600733.SH;QFEC;9;2;22.2
600734.SH;ST SG;7;1;14.3
600735.SH;Hiking;7;5;71.4
600736.SH;SZNH;8;2;25.0
600737.SH;COFCO Tunhe;9;0;0.0
600738.SH;LZMB;9;2;22.2
600739.SH;LNCD;9;0;0.0
600741.SH;HASCO;9;1;11.1
600742.SH;Fuwei;9;2;22.2
600744.SH;DHEP;11;2;18.2
600745.SH;Wingtech;5;2;40.0
600746.SH;Sopo;9;0;0.0
600748.SH;SID;7;2;28.6
600749.SH;Tibet Tourism;9;2;22.2
600750.SH;CR Jiangzhong;11;1;9.1
600751.SH;TIC;7;0;0.0
600753.SH;Heqin Energy;9;3;33.3
600754.SH;Jinjiang Hotels;9;2;22.2
600755.SH;ITG;9;1;11.1
600756.SH;ISS;7;1;14.3
600757.SH;CJPL;10;1;10.0
600758.SH;HYNY;9;2;22.2
600759.SH;Geo-Jade Petroleum;7;0;0.0
600760.SH;AVIC SAC;12;3;25.0
600761.SH;AHHL;9;1;11.1
600763.SH;TCMedical;7;4;57.1
600764.SH;CEC Corecast;9;0;0.0
600765.SH;AVICHM;9;3;33.3
600768.SH;NBFB;9;1;11.1
600769.SH;XLDY;7;2;28.6
600770.SH;JSZY;7;2;28.6
600771.SH;Guangyuyuan;8;1;12.5
600773.SH;Tudi;9;2;22.2
600774.SH;HSGC;9;1;11.1
600775.SH;NPEC;8;1;12.5
600776.SH;Eastcom;9;1;11.1
600777.SH;XCEC;9;1;11.1
600778.SH;Youhao Group;9;5;55.6
600779.SH;SCSF;11;1;9.1
600782.SH;Xinsteel;9;2;22.2
600783.SH;Luxin;9;1;11.1
600784.SH;Luyin Invest;9;2;22.2
600785.SH;XHCG;9;4;44.4
600787.SH;CMST;9;2;22.2
600789.SH;LKPC;9;1;11.1
600790.SH;L&T City;11;2;18.2
600791.SH;BEH-ZY;6;0;0.0
600792.SH;YNCE;6;0;0.0
600793.SH;Yibin Paper;8;2;25.0
600794.SH;ZFTC;9;3;33.3
600795.SH;GDPD;7;0;0.0
600796.SH;QJBIOCH;9;1;11.1
600797.SH;Insigma;11;1;9.1
600798.SH;NBMC;11;0;0.0
600800.SH;GMCC;9;3;33.3
600801.SH;Huaxin Building Material;8;1;12.5
600802.SH;FJC;9;1;11.1
600803.SH;ENN-EC;10;2;20.0
600805.SH;Yueda Inv.;9;1;11.1
600807.SH;JUGED;9;0;0.0
600808.SH;MAS C.L;6;1;16.7
600809.SH;Shanxi Fen Wine;10;1;10.0
600812.SH;NCPC;11;0;0.0
600814.SH;HJBG;8;4;50.0
600815.SH;XGMA;8;3;37.5
600816.SH;AXXT;9;0;0.0
600817.SH;HST;9;1;11.1
600818.SH;ZLC;6;1;16.7
600819.SH;SYP;9;0;0.0
600820.SH;STEC;7;1;14.3
600821.SH;TJQYC;9;0;0.0
600822.SH;SMTC;9;1;11.1
600824.SH;Yimin Group;7;3;42.9
600825.SH;Xinhua Media;9;2;22.2
600826.SH;Lansheng;9;1;11.1
600827.SH;SBGCL;9;2;22.2
600828.SH;Maoye Commercial;7;2;28.6
600829.SH;HRPC;6;3;50.0
600830.SH;SLT;9;0;0.0
600831.SH;SXBN;7;1;14.3
600833.SH;No.1.Pharmac;9;2;22.2
600834.SH;Shentong Metro;9;1;11.1
600835.SH;SMEIC;9;0;0.0
600838.SH;SHJB;7;1;14.3
600839.SH;Changhong;9;0;0.0
600841.SH;SDEC;8;2;25.0
600843.SH;Shanggong Group;9;0;0.0
600844.SH;Jinmei Coal;9;0;0.0
600845.SH;Baosight;11;3;27.3
600846.SH;TJKJ;9;0;0.0
600847.SH;Wanli New Energy;6;1;16.7
600848.SH;SLHC;11;0;0.0
600850.SH;ECC;9;2;22.2
600851.SH;HX Group;9;2;22.2
600853.SH;LJRB;11;4;36.4
600854.SH;Chunlan;9;2;22.2
600855.SH;ASCF;9;1;11.1
600857.SH;NBZB;9;2;22.2
600858.SH;Inzone;7;2;28.6
600859.SH;Wangfujing;11;5;45.5
600860.SH;Jingcheng Mac;11;2;18.2
600861.SH;BURCG;8;0;0.0
600862.SH;Tontec;9;1;11.1
600863.SH;NMHD;9;2;22.2
600864.SH;HTGF;7;2;28.6
600865.SH;Baida Group;9;3;33.3
600866.SH;Starlake Science;8;3;37.5
600867.SH;THDB;9;3;33.3
600868.SH;Mei Yan;7;2;28.6
600869.SH;Smarter Energy;9;1;11.1
600871.SH;SSC;9;2;22.2
600872.SH;Jonjee Hi-Tech;9;2;22.2
600873.SH;Meihua Bio;7;2;28.6
600874.SH;TCEPC;9;2;22.2
600875.SH;DEC;7;1;14.3
600876.SH;LYG;8;2;25.0
600877.SH;Jialing;9;1;11.1
600879.SH;CATEC-LTD;9;1;11.1
600880.SH;B-Raymedia;6;2;33.3
600881.SH;YTG;13;3;23.1
600882.SH;Ground;9;2;22.2
600883.SH;YBTI;7;1;14.3
600884.SH;NBSS;11;2;18.2
600885.SH;Hongfa;9;2;22.2
600886.SH;SDIC Power;9;1;11.1
600887.SH;Yili;11;5;45.5
600888.SH;XJJW;11;2;18.2
600889.SH;NCFC;7;2;28.6
600892.SH;Dasheng Culture;9;1;11.1
600893.SH;AECC AP;11;0;0.0
600894.SH;GRI;8;2;25.0
600895.SH;ZJHTC;7;2;28.6
600897.SH;XIAC;9;1;11.1
600900.SH;CYPC;12;0;0.0
600901.SH;Jiangsu Financial Leasing;12;1;8.3
600903.SH;Gui Zhou Gas;9;2;22.2
600905.SH;China Three Gorges Renewables;9;3;33.3
600906.SH;Caida Securities;11;3;27.3
600908.SH;Wuxi Rural Commercial Bank;16;6;37.5
600909.SH;Huaan Securities;11;1;9.1
600916.SH;China Gold;9;1;11.1
600917.SH;CQGAS;10;4;40.0
600918.SH;Zhongtai Securities;11;2;18.2
600919.SH;Bank of Jiangsu;14;1;7.1
600925.SH;Xukuang Energy;11;2;18.2
600926.SH;HZBANK;13;1;7.7
600927.SH;Yongan Futures;11;1;9.1
600928.SH;Bank of Xi'an;12;2;16.7
600929.SH;HNSC;9;2;22.2
600933.SH;IKD;9;1;11.1
600936.SH;Beitou Technology;9;1;11.1
600939.SH;CCEGC;8;0;0.0
600941.SH;China Mobile;7;1;14.3
600955.SH;Lihuayi Weiyuan;7;0;0.0
600956.SH;China Suntien;11;1;9.1
600958.SH;Orient Securities;15;1;6.7
600959.SH;JSCN;8;0;0.0
600960.SH;BHAS;9;3;33.3
600961.SH;Zhuzhou Smelter;9;1;11.1
600962.SH;SDICZL;9;2;22.2
600963.SH;YYFP;7;4;57.1
600965.SH;Fortune;7;2;28.6
600966.SH;SDBH;9;0;0.0
600967.SH;NMYJ;7;0;0.0
600969.SH;Chendian International;7;1;14.3
600970.SH;Sinoma-Int;7;0;0.0
600971.SH;HYMD;7;1;14.3
600973.SH;Baosheng Sci;11;0;0.0
600975.SH;NWF;7;2;28.6
600976.SH;Jianmin Group;9;1;11.1
600977.SH;CFC;11;3;27.3
600979.SH;AAA Public;12;1;8.3
600980.SH;BGRIMM Tec;8;1;12.5
600981.SH;Suhigh;7;2;28.6
600982.SH;NBTP;9;1;11.1
600983.SH;Whirlpool;12;3;25.0
600984.SH;SCMC;9;0;0.0
600985.SH;LMKH;10;1;10.0
600986.SH;Keda Group;6;2;33.3
600987.SH;ZJHM;9;1;11.1
600988.SH;Chifeng Gold;10;1;10.0
600989.SH;Baofeng Energy;9;0;0.0
600990.SH;Sun-Create;8;0;0.0
600992.SH;GZWRC;9;1;11.1
600993.SH;Mayinglong;9;2;22.2
600995.SH;WSDL;9;3;33.3
600996.SH;GZBN;9;1;11.1
600997.SH;KEC;9;1;11.1
600998.SH;Jointown;15;2;13.3
600999.SH;CMS;14;4;28.6
601000.SH;TSPGC;9;0;0.0
601001.SH;DTCI;9;2;22.2
601002.SH;Gem-Year;9;1;11.1
601003.SH;Liusteelco;9;2;22.2
601005.SH;CISC;9;1;11.1
601006.SH;Daqin Railway;11;3;27.3
601007.SH;Jinling Hotel;10;4;40.0
601008.SH;Lygport;9;0;0.0
601009.SH;NJCB;14;4;28.6
601010.SH;Great World;9;4;44.4
601011.SH;QBCC;9;3;33.3
601012.SH;Longi;9;2;22.2
601015.SH;Shaanxi Heimao;9;1;11.1
601016.SH;CECWPC;8;1;12.5
601018.SH;Ningbo Zhoushan Port;16;1;6.2
601019.SH;Shandong Publishing&Media;7;1;14.3
601021.SH;SA;9;1;11.1
601022.SH;NBOSCO;9;0;0.0
601033.SH;Grandtop Yongxing;7;2;28.6
601038.SH;First Tractor;9;1;11.1
601058.SH;Sailun Group;7;1;14.3
601059.SH;Cinda Securities;7;1;14.3
601061.SH;CITIC;9;1;11.1
601065.SH;JXSG;8;0;0.0
601066.SH;CSC;15;2;13.3
601068.SH;Chalieco;9;1;11.1
601069.SH;Western Region Gold;8;0;0.0
601077.SH;Chongqing Rural Commercial Bank;7;1;14.3
601083.SH;JJ Shipping;9;4;44.4
601086.SH;Gansu Guofang;9;4;44.4
601088.SH;China Shenhua;7;1;14.3
601089.SH;Beijing Winsunny Pharmaceutical;9;1;11.1
601096.SH;HTG;11;0;0.0
601098.SH;CNS;10;4;40.0
601099.SH;Pacific Securities;8;2;25.0
601100.SH;JSHL;7;0;0.0
601101.SH;Haohua Energy;10;0;0.0
601106.SH;CFHI;4;0;0.0
601107.SH;Sichuan Expressway;12;2;16.7
601108.SH;Caitong Securities;10;1;10.0
601111.SH;Air China;9;1;11.1
601113.SH;Huading Corp.;9;3;33.3
601116.SH;SJGW;9;5;55.6
601117.SH;CNCEC;7;0;0.0
601118.SH;Hainan Rubber Group;9;0;0.0
601121.SH;Baodi Mining;9;2;22.2
601126.SH;Sifang;8;1;12.5
601127.SH;Seres;13;1;7.7
601128.SH;Changshu Bank;13;2;15.4
601133.SH;Both;8;0;0.0
601136.SH;Capital Securities;12;4;33.3
601137.SH;BAMC;9;1;11.1
601138.SH;Foxconn Industrial Internet;7;2;28.6
601139.SH;SGC;13;4;30.8
601155.SH;Seazen;6;0;0.0
601156.SH;EAL;9;1;11.1
601158.SH;Chongqing Water;7;2;28.6
601162.SH;TF Securities;10;2;20.0
601163.SH;Triangle Tyre;9;3;33.3
601166.SH;Industrial Bank;14;3;21.4
601168.SH;Western Mining;7;1;14.3
601169.SH;BOB;14;1;7.1
601177.SH;Hang Teeth;9;0;0.0
601179.SH;China XD;7;1;14.3
601186.SH;China Rail Cons;9;1;11.1
601187.SH;Xiamen Bank;13;1;7.7
601188.SH;HTDC;11;2;18.2
601198.SH;Dongxing Securities;15;5;33.3
601199.SH;Jiangnan Water;8;1;12.5
601200.SH;Shanghai Environment;9;0;0.0
601208.SH;EMT;9;2;22.2
601211.SH;Guotai Haitong;18;3;16.7
601212.SH;BNMC;13;3;23.1
601216.SH;Junzheng;7;0;0.0
601218.SH;Sinojit Technology;7;2;28.6
601222.SH;Linyang Energy;7;4;57.1
601225.SH;SHCI;7;1;14.3
601226.SH;Huadian Science;9;1;11.1
601228.SH;Guangzhou Port;9;0;0.0
601229.SH;Bank of Shanghai;17;2;11.8
601231.SH;USISH;11;3;27.3
601233.SH;TKGF;11;5;45.5
601236.SH;Hongta Securities;14;6;42.9
601238.SH;GAC Group;10;2;20.0
601279.SH;CE;9;2;22.2
601288.SH;Agricultural Bank of China;15;4;26.7
601298.SH;Qingdao Port International;8;3;37.5
601311.SH;Camel Group;9;3;33.3
601318.SH;Ping An of China;14;2;14.3
601319.SH;PICC;13;3;23.1
601326.SH;Qinhuangdao Port;12;2;16.7
601328.SH;BankComm;15;2;13.3
601330.SH;Dynagreen;8;1;12.5
601333.SH;GSRC;9;2;22.2
601336.SH;NCI;10;4;40.0
601339.SH;Bros Eastern;9;1;11.1
601360.SH;360;7;0;0.0
601366.SH;Liqun;9;2;22.2
601368.SH;Greencity Water;10;4;40.0
601369.SH;Shaangu;9;1;11.1
601375.SH;CCSC;10;2;20.0
601377.SH;IS;11;1;9.1
601388.SH;Yechiu Recycling;9;3;33.3
601390.SH;China Railway;7;1;14.3
601398.SH;ICBC;13;2;15.4
601399.SH;Sinomach-HE;9;0;0.0
601456.SH;Guolian Minsheng;9;1;11.1
601500.SH;GS;7;3;42.9
601512.SH;CSSD;9;2;22.2
601515.SH;Quzhou Dongfeng;7;3;42.9
601518.SH;JLEC;7;1;14.3
601519.SH;Wisdom;7;0;0.0
601528.SH;Bank of Ruifeng;15;3;20.0
601555.SH;SCS;11;2;18.2
601566.SH;Joeone;9;2;22.2
601567.SH;Sanxing Medical;9;3;33.3
601568.SH;Beiyuan Group;11;3;27.3
601577.SH;Bank of Changsha;10;5;50.0
601579.SH;KJS;11;2;18.2
601588.SH;Beijing N Star;8;2;25.0
601598.SH;Sinotrans;12;3;25.0
601599.SH;LGWH;9;2;22.2
601600.SH;Chalco;8;1;12.5
601601.SH;CPIC;15;6;40.0
601606.SH;Anhui Great Wall;9;1;11.1
601607.SH;Shanghai Pharma;10;1;10.0
601608.SH;CITIC HIC;9;1;11.1
601609.SH;Jintian Copper;9;3;33.3
601611.SH;CNEC;9;1;11.1
601615.SH;Mingyang Smart Energy;11;2;18.2
601616.SH;SGEG;7;2;28.6
601618.SH;MCC;8;1;12.5
601619.SH;Jiaze Renewables;9;2;22.2
601628.SH;China Life;12;3;25.0
601633.SH;GWMotor;8;3;37.5
601636.SH;Kibing;9;1;11.1
601658.SH;Postal Savings Bank of China;19;3;15.8
601665.SH;QLB;13;2;15.4
601666.SH;Pingmei Coal;15;2;13.3
601668.SH;CSCEC;7;1;14.3
601669.SH;PowerChina;9;0;0.0
601677.SH;Mtalco;9;2;22.2
601678.SH;Befar;9;1;11.1
601686.SH;Tianjin You Fa;9;2;22.2
601688.SH;HTSC;13;2;15.4
601689.SH;Tuopu Group;9;2;22.2
601696.SH;BOCI China;12;4;33.3
601698.SH;CASC;9;0;0.0
601699.SH;Lu'an EED;7;2;28.6
601700.SH;Changshu Fengfan;13;1;7.7
601702.SH;Huafon;7;1;14.3
601717.SH;Creative;8;1;12.5
601718.SH;Jihua Group;8;2;25.0
601727.SH;Shanghai Electric;9;1;11.1
601766.SH;CRRC;9;1;11.1
601777.SH;Qianli;14;4;28.6
601778.SH;Jinko Power;9;1;11.1
601788.SH;EBSCN;13;2;15.4
601789.SH;NB Construction;9;2;22.2
601798.SH;Lanpec;9;1;11.1
601799.SH;Xingyu;9;3;33.3
601800.SH;CCCC;9;1;11.1
601801.SH;Wanxin Media;6;1;16.7
601808.SH;COSL;8;1;12.5
601811.SH;Xinhua Winshare;8;1;12.5
601816.SH;Beijing-Shanghai High-Speed Railway;11;1;9.1
601818.SH;CEB Bank;15;3;20.0
601825.SH;SRCB;18;6;33.3
601827.SH;Sanfeng Environment;9;2;22.2
601828.SH;Macalline;13;1;7.7
601838.SH;Bank of Chengdu;13;0;0.0
601858.SH;CSPM;9;1;11.1
601860.SH;Zijin Rural Commercial Bank;12;3;25.0
601865.SH;FGG;9;6;66.7
601866.SH;COSCO Shipping Development;8;1;12.5
601868.SH;Energy China;8;1;12.5
601869.SH;YOFC;12;1;8.3
601872.SH;CMES;12;2;16.7
601877.SH;Chint Electrics;10;1;10.0
601878.SH;Zheshang Securities;9;2;22.2
601880.SH;Dalian Port;9;2;22.2
601881.SH;China Galaxy;11;4;36.4
601882.SH;Hision;7;0;0.0
601886.SH;Jangho;9;0;0.0
601888.SH;CITS;8;2;25.0
601890.SH;ASAC;9;3;33.3
601898.SH;China Coal Energy;7;1;14.3
601899.SH;Zijin Mining;14;2;14.3
601901.SH;Founder Securities;12;2;16.7
601908.SH;JYT;9;2;22.2
601916.SH;CZBANK;15;1;6.7
601918.SH;Xinji Energy;8;1;12.5
601919.SH;COSCO Ship Hold;8;1;12.5
601921.SH;Zhejiang Publishing & Media;9;1;11.1
601928.SH;Phoenix Media;11;1;9.1
601929.SH;Jishi Media;11;2;18.2
601933.SH;Yonghui Superstores;9;0;0.0
601939.SH;CCB;15;4;26.7
601949.SH;China Publishing&Media Holdings;8;3;37.5
601952.SH;Skiad;8;1;12.5
601956.SH;Donper;9;0;0.0
601958.SH;JDCMOLY;11;0;0.0
601963.SH;Bank of Chongqing;14;3;21.4
601965.SH;CAERI;9;1;11.1
601966.SH;Linglong Tyre;11;3;27.3
601968.SH;Baosteelpackage;9;0;0.0
601969.SH;Hainan Mining;13;3;23.1
601975.SH;NJTC;9;0;0.0
601985.SH;CNNP;12;1;8.3
601988.SH;Bank of China;16;4;25.0
601990.SH;NSC;14;5;35.7
601991.SH;Datang Power;15;1;6.7
601992.SH;BBMG;10;1;10.0
601995.SH;CICC;8;2;25.0
601996.SH;Fenglin Group;7;1;14.3
601997.SH;Bank of Guiyang;14;4;28.6
601998.SH;CNCB;9;1;11.1
601999.SH;NUPMG;6;2;33.3
603000.SH;People.cn;11;3;27.3
603001.SH;Aokang;8;1;12.5
603002.SH;EBEM;9;0;0.0
603005.SH;WLCSP;7;2;28.6
603006.SH;Lianming;9;3;33.3
603007.SH;Sunmax;7;1;14.3
603008.SH;Xilinmen;9;2;22.2
603009.SH;SHBT;6;1;16.7
603010.SH;WSFR;9;0;0.0
603011.SH;HFM;9;1;11.1
603012.SH;Lantronix;7;0;0.0
603013.SH;YAPP;11;2;18.2
603015.SH;Techmation;9;2;22.2
603016.SH;New Hongtai;9;1;11.1
603017.SH;Arts Group;9;2;22.2
603018.SH;China Designgroup;9;0;0.0
603019.SH;Sugon;7;2;28.6
603020.SH;Apple Group;9;1;11.1
603021.SH;SDHP;9;2;22.2
603022.SH;Xintonglian;7;2;28.6
603023.SH;Viti;7;1;14.3
603025.SH;Dahao Technology;9;1;11.1
603026.SH;Shandong Shida Shenghua;9;1;11.1
603027.SH;Qianhe Condiment and Food;8;2;25.0
603028.SH;Safety;9;3;33.3
603029.SH;Swan Cotton;9;3;33.3
603030.SH;Trendzone;9;0;0.0
603031.SH;Andeli;11;1;9.1
603032.SH;De Xin Road;9;3;33.3
603033.SH;Sanwei;7;1;14.3
603035.SH;CAIP;7;1;14.3
603036.SH;RT;9;2;22.2
603037.SH;Carthane;9;0;0.0
603039.SH;Weaver Network;9;2;22.2
603040.SH;New Coordinates;7;0;0.0
603041.SH;Maysta;9;2;22.2
603042.SH;Huamai Technology;7;3;42.9
603043.SH;Guangzhou Restaurant;7;2;28.6
603045.SH;Foodar;7;1;14.3
603048.SH;Zhejiang Liming;7;1;14.3
603050.SH;KE Electric;9;0;0.0
603051.SH;Lushan;5;0;0.0
603052.SH;Khtech;7;1;14.3
603053.SH;Chengdu Gas;13;1;7.7
603055.SH;Taihua New Material;9;1;11.1
603056.SH;Deppon Logistics;;;
603057.SH;Shanghai Ziyan;6;0;0.0
603058.SH;Yongji Printing;7;0;0.0
603059.SH;Perfect;7;2;28.6
603060.SH;CTC;9;2;22.2
603061.SH;JHT Design;9;0;0.0
603062.SH;Mega P&C;9;1;11.1
603063.SH;Hopewind;5;1;20.0
603065.SH;Suqian Unitech;9;1;11.1
603066.SH;Inform;7;2;28.6
603067.SH;Hubei Zhenhua;9;0;0.0
603068.SH;Beken;7;1;14.3
603069.SH;Haiqi;8;3;37.5
603070.SH;Wecome Intelligent;7;0;0.0
603071.SH;WZ Group;11;2;18.2
603072.SH;Tianhe Magnetic;9;1;11.1
603073.SH;Cady;7;3;42.9
603075.SH;Niutech;8;1;12.5
603076.SH;Lehui;9;0;0.0
603077.SH;HBC;9;4;44.4
603078.SH;JHM;9;1;11.1
603079.SH;SDM;9;2;22.2
603080.SH;Xinjiang Torch;9;1;11.1
603081.SH;DFSY;9;1;11.1
603083.SH;CIG;7;1;14.3
603085.SH;TC;7;2;28.6
603086.SH;Cynda;7;0;0.0
603087.SH;GT;9;2;22.2
603088.SH;JDM;12;1;8.3
603089.SH;ADD;7;1;14.3
603090.SH;Hongsheng;5;0;0.0
603091.SH;Sino;9;0;0.0
603093.SH;Nanhua Futures;9;2;22.2
603095.SH;Zhejiang Yuejian;8;1;12.5
603096.SH;Thinkingdom;7;4;57.1
603097.SH;Huabian;8;2;25.0
603098.SH;Center Int;8;1;12.5
603099.SH;CBM;9;2;22.2
603100.SH;CYA;11;3;27.3
603101.SH;Wuika Times;8;3;37.5
603102.SH;Biohigh;10;1;10.0
603103.SH;HG Entertainment;9;2;22.2
603105.SH;Sunoren;8;1;12.5
603106.SH;Cashway;7;2;28.6
603107.SH;Shanghai Auto AC;9;1;11.1
603108.SH;Runda Medical;11;3;27.3
603109.SH;Senci;9;3;33.3
603110.SH;New East New Materials;9;1;11.1
603111.SH;KN;9;0;0.0
603112.SH;HXJT;9;2;22.2
603113.SH;Jinneng;11;3;27.3
603115.SH;Nantong Haixing;9;0;0.0
603116.SH;Red Dragonfly;9;0;0.0
603117.SH;ST Wanlin Logistics;8;0;0.0
603118.SH;Gongjin;12;3;25.0
603119.SH;Glory Mica;9;4;44.4
603120.SH;Kent Catalyst;9;1;11.1
603121.SH;Sinotec;9;2;22.2
603122.SH;Cowealth Medical;6;2;33.3
603123.SH;Beijing Cuiwei Tower;9;0;0.0
603124.SH;Jiangnan New Material;9;3;33.3
603125.SH;Jiangsu Evergreen;9;2;22.2
603126.SH;Sinoma-EC;8;0;0.0
603127.SH;Joinn;10;4;40.0
603128.SH;CTS Logistics;5;1;20.0
603129.SH;CFMOTO;9;1;11.1
603130.SH;Yunzhongma;12;1;8.3
603132.SH;Jinhui Mining;11;2;18.2
603135.SH;Zhongzhong Science;9;2;22.2
603136.SH;Tianmu Lake Tourism;9;2;22.2
603137.SH;Jiangsu Hengshang;6;1;16.7
603138.SH;Massive Data;7;0;0.0
603139.SH;Kanghui Technology;9;3;33.3
603150.SH;Higa;7;2;28.6
603151.SH;Teamgene;8;3;37.5
603153.SH;SRIBS;14;0;0.0
603155.SH;Xin Ya Qiang;5;1;20.0
603156.SH;Hebei Yangyuanzhihui Beverage;9;2;22.2
603158.SH;CZTL;7;0;0.0
603159.SH;Yahong Moulding;9;2;22.2
603160.SH;Goodix;8;1;12.5
603161.SH;KH;9;1;11.1
603162.SH;Highton;7;1;14.3
603163.SH;Acter Group;7;1;14.3
603165.SH;Rongsheng Environmental;7;3;42.9
603166.SH;Foto;9;1;11.1
603167.SH;BHLD;9;0;0.0
603168.SH;SPAS;9;0;0.0
603169.SH;LSHEC;9;1;11.1
603170.SH;Bolex;9;3;33.3
603171.SH;Servyou Group;9;3;33.3
603172.SH;Wanfeng;9;4;44.4
603176.SH;Huitong Construction;9;2;22.2
603177.SH;Tuna Corporation;8;2;25.0
603178.SH;SLPT;9;1;11.1
603179.SH;Xinquan Automotive Trim;10;1;10.0
603180.SH;Goldenhome;8;2;25.0
603181.SH;Huangma;9;2;22.2
603182.SH;Sinoglory Health;9;1;11.1
603183.SH;IBS;9;2;22.2
603185.SH;Hongyuan Green Energy;7;1;14.3
603186.SH;Huazheng New Material;9;1;11.1
603187.SH;Hiron;11;0;0.0
603188.SH;Yabang;7;2;28.6
603189.SH;Wondertek;9;1;11.1
603190.SH;YTPM;7;2;28.6
603191.SH;Chongqing Wangbian;9;0;0.0
603192.SH;Huide Science & Technology;6;1;16.7
603193.SH;Runben;6;3;50.0
603194.SH;Zhongli;8;2;25.0
603195.SH;Gongniu Group;9;2;22.2
603196.SH;Ribo Fashion;5;2;40.0
603197.SH;Baolong Automotive;9;2;22.2
603198.SH;Yingjia Distillery;9;2;22.2
603199.SH;JHT;7;0;0.0
603200.SH;ECH;9;3;33.3
603201.SH;Changshu Tongrun;9;2;22.2
603202.SH;Divine Achievement;5;1;20.0
603203.SH;Quick;6;1;16.7
603205.SH;Japan;9;2;22.2
603206.SH;Bestlink;7;1;14.3
603207.SH;Leapharm;11;5;45.5
603208.SH;Jiangshan Oupai;7;0;0.0
603209.SH;XT;7;1;14.3
603210.SH;Taihong Wanli;9;0;0.0
603211.SH;Jintuo;5;1;20.0
603212.SH;Cybrid;9;0;0.0
603213.SH;Zhenyang Development;8;1;12.5
603214.SH;Babemax;7;3;42.9
603215.SH;Biyi;9;4;44.4
603216.SH;MT;9;5;55.6
603217.SH;Shandong Yuanli;9;2;22.2
603218.SH;Riyue;9;2;22.2
603219.SH;Furja;9;2;22.2
603220.SH;Bester;9;0;0.0
603221.SH;Eletile;9;1;11.1
603222.SH;Chimin Health;9;2;22.2
603223.SH;Hengtong Logistics;9;1;11.1
603225.SH;XFMGroup;8;2;25.0
603226.SH;Vohringer;7;1;14.3
603227.SH;Xuefeng Sci-Tech;9;3;33.3
603228.SH;Kinwong;9;2;22.2
603229.SH;Ausun Pharm;9;2;22.2
603231.SH;Solbar;6;0;0.0
603232.SH;Koal;9;1;11.1
603233.SH;DSL;8;1;12.5
603235.SH;Tianxin Pharmaceutical;9;3;33.3
603236.SH;Quectel;5;1;20.0
603237.SH;Wu Fang Zhai;9;3;33.3
603238.SH;Nbond;9;2;22.2
603239.SH;ZJXT;9;3;33.3
603255.SH;Dingjide;8;0;0.0
603256.SH;Grace Fabric;9;6;66.7
603257.SH;China Rim;14;2;14.3
603258.SH;Electronic Soul;8;2;25.0
603260.SH;Hoshine Silicon Industry;9;5;55.6
603261.SH;Lihang Technology;5;1;20.0
603266.SH;Ningbo Tianlong;7;1;14.3
603267.SH;Beijing Yuanliu Hongyuan;9;3;33.3
603268.SH;Songfa;9;2;22.2
603270.SH;Jindi;9;1;11.1
603271.SH;Eternity New Materials;7;2;28.6
603272.SH;Leadshow Home;9;3;33.3
603273.SH;Teeyer;6;3;50.0
603275.SH;Sinostar;7;1;14.3
603276.SH;Hengxing New Material;7;1;14.3
603277.SH;Yindu Kitchen;7;2;28.6
603278.SH;Shandong Daye;5;2;40.0
603279.SH;JJ;6;2;33.3
603280.SH;NFLG;9;1;11.1
603281.SH;JHSI;9;0;0.0
603282.SH;AGT;9;1;11.1
603283.SH;Secote;5;1;20.0
603285.SH;Jianbang;7;1;14.3
603286.SH;Riying Electronics;6;2;33.3
603288.SH;Hai Tian;9;1;11.1
603289.SH;Tederic;9;2;22.2
603290.SH;StarPower;7;2;28.6
603291.SH;United Water;9;1;11.1
603296.SH;Huaqin;9;2;22.2
603297.SH;Novel Optics;9;0;0.0
603298.SH;Hangcha Group;9;5;55.6
603299.SH;JSGF;9;2;22.2
603300.SH;Hainan Huatie;9;2;22.2
603303.SH;Tospo;9;1;11.1
603305.SH;Xusheng;9;1;11.1
603306.SH;HMT;9;1;11.1
603307.SH;Jinquan;5;2;40.0
603308.SH;Yingliu;10;1;10.0
603309.SH;Well Lead;7;0;0.0
603310.SH;Weihua New Material;7;0;0.0
603312.SH;WDI;5;1;20.0
603313.SH;Mlily;8;3;37.5
603315.SH;Fu An;9;2;22.2
603316.SH;CBYL;8;2;25.0
603317.SH;Sichuan Teway Food Group;9;2;22.2
603318.SH;Energas;9;0;0.0
603319.SH;Meitu;9;1;11.1
603320.SH;Dibay;7;1;14.3
603321.SH;ML;7;0;0.0
603322.SH;STS;7;0;0.0
603323.SH;Wujiang Rural Commercial Bank;14;1;7.1
603324.SH;Shengjian Environment;7;1;14.3
603325.SH;Bloom Technology;9;1;11.1
603326.SH;OLO Home;7;1;14.3
603327.SH;Fu Rong Technology;9;1;11.1
603328.SH;EllingtonPCB;9;1;11.1
603329.SH;ACE;8;1;12.5
603330.SH;JCC;7;1;14.3
603331.SH;Zhejiang Baida;8;0;0.0
603332.SH;Suzhou Longjie;8;1;12.5
603333.SH;Star Cable;9;5;55.6
603335.SH;Dcenti;7;2;28.6
603336.SH;Great-Sun Foods;7;0;0.0
603337.SH;Jack Tech;9;2;22.2
603338.SH;Zhejiang Dingli;9;2;22.2
603339.SH;NTSC;9;3;33.3
603341.SH;Longqi Tech;7;2;28.6
603344.SH;Cinderson;7;2;28.6
603345.SH;Anjoy;11;2;18.2
603348.SH;Wencan;7;2;28.6
603350.SH;Anada;8;2;25.0
603351.SH;Well;7;1;14.3
603353.SH;HSPC;6;2;33.3
603355.SH;Kingclean;8;1;12.5
603356.SH;Valin Precision;6;0;0.0
603357.SH;ATCDI;9;2;22.2
603358.SH;Huada;12;2;16.7
603359.SH;Dong Zhu;8;0;0.0
603360.SH;Bio Chemical;12;1;8.3
603363.SH;Aonong;9;1;11.1
603365.SH;Mercury;9;2;22.2
603366.SH;Sunrise East;9;2;22.2
603368.SH;LZYY;7;3;42.9
603369.SH;King's Luck;11;3;27.3
603373.SH;Anbang Guard;11;1;9.1
603375.SH;Holyview;7;2;28.6
603377.SH;DFSS;11;5;45.5
603378.SH;Asia Cuanon;6;2;33.3
603379.SH;Sanmei;9;0;0.0
603380.SH;Etron;5;1;20.0
603381.SH;Yonz Technology;9;3;33.3
603382.SH;Hi Sun Tech;9;0;0.0
603383.SH;Apex;8;1;12.5
603385.SH;Huida Sanitary;9;3;33.3
603386.SH;Champion ASI;7;2;28.6
603387.SH;Getein Biotech;9;4;44.4
603389.SH;A-Zenith;5;1;20.0
603390.SH;Tongda Auto;9;2;22.2
603392.SH;Wantai Biological;9;2;22.2
603393.SH;Xinjiang Xintai Natural Gas;9;2;22.2
603395.SH;Hongsifang;9;0;0.0
603396.SH;Jinchen;7;3;42.9
603398.SH;Banbao;7;1;14.3
603399.SH;Yongshan Lithium;7;0;0.0
603408.SH;Runner(Xiamen);9;2;22.2
603409.SH;Huitong Hldgs;9;3;33.3
603416.SH;Xinje;7;2;28.6
603421.SH;Topscomm;8;2;25.0
603429.SH;AHSN;6;1;16.7
603439.SH;Sanli Pharmaceutical;9;1;11.1
603444.SH;G-bits;8;2;25.0
603456.SH;Jiuzhou Pharmaceutical;9;3;33.3
603458.SH;Guizhou Transportation;9;1;11.1
603466.SH;Exhibition;7;2;28.6
603477.SH;Zhenjing;9;0;0.0
603486.SH;Ecovacs;9;2;22.2
603488.SH;Flying Technology;7;1;14.3
603489.SH;Bafang;6;1;16.7
603496.SH;Embedway;7;2;28.6
603499.SH;Sunglow Technology;7;3;42.9
603500.SH;Zhejiang Tiantai;9;2;22.2
603501.SH;Howell Group;9;3;33.3
603505.SH;Kings;8;2;25.0
603506.SH;Nacity Property;8;2;25.0
603507.SH;JZNEE;5;0;0.0
603508.SH;Henan Thinker;9;2;22.2
603511.SH;Aimer;7;1;14.3
603515.SH;Opple;7;1;14.3
603516.SH;Tricolor;6;1;16.7
603517.SH;Juewei Food;7;3;42.9
603518.SH;Jinhong Fashion;7;2;28.6
603519.SH;Liba;7;0;0.0
603520.SH;Starry;8;1;12.5
603527.SH;Anhui Zhongyuan;9;0;0.0
603528.SH;Doron Technology;8;0;0.0
603529.SH;Aima;9;3;33.3
603530.SH;Shemar;9;3;33.3
603533.SH;iReader Technology;6;1;16.7
603535.SH;Guangzhou Jiacheng;7;4;57.1
603536.SH;HF;6;3;50.0
603538.SH;Menovo;5;3;60.0
603551.SH;Aupu;7;0;0.0
603556.SH;Hexing Electrical;9;2;22.2
603557.SH;ST Qibu;5;2;40.0
603558.SH;Jasan Group;7;1;14.3
603559.SH;Zhongtongguomai;9;3;33.3
603565.SH;Zhonggu Logistics;9;1;11.1
603566.SH;Pulike;9;3;33.3
603567.SH;ZBD;5;1;20.0
603568.SH;Weiming;11;2;18.2
603569.SH;Changjiu Logistics;6;0;0.0
603577.SH;HJT Steel Tower;9;2;22.2
603578.SH;Three Stars New Materials;9;1;11.1
603579.SH;Rongtai Health;9;2;22.2
603580.SH;AA;5;2;40.0
603583.SH;Jiecang;9;1;11.1
603585.SH;Suli;9;3;33.3
603586.SH;SGP;9;3;33.3
603587.SH;Dazzle Fashion;9;5;55.6
603588.SH;BGE;10;3;30.0
603589.SH;Kouzijiao;9;1;11.1
603590.SH;Konruns;9;1;11.1
603595.SH;ST Tony;5;3;60.0
603596.SH;BTL;9;1;11.1
603598.SH;Inly Media;7;1;14.3
603599.SH;Anhui Guangxin Agrochemical;9;3;33.3
603600.SH;UE;7;3;42.9
603601.SH;Zaisheng Technology;8;2;25.0
603602.SH;Hangzhou Freely;9;2;22.2
603605.SH;Proya;7;1;14.3
603606.SH;Ningbo Orient Wires & Cables;9;2;22.2
603607.SH;Zhejiang Jinghua Laser;9;2;22.2
603608.SH;Topscore Fashion;7;2;28.6
603609.SH;Wellhope;9;4;44.4
603610.SH;Keeson;6;2;33.3
603611.SH;Noblelift;8;3;37.5
603612.SH;Sunstone;9;4;44.4
603613.SH;IBI;9;2;22.2
603615.SH;Chahua;9;1;11.1
603616.SH;HJHS;9;0;0.0
603617.SH;Junhe;7;3;42.9
603618.SH;Hangzhou Cable;9;3;33.3
603619.SH;ZPEC;8;2;25.0
603626.SH;Kersen;7;2;28.6
603628.SH;Clenergy;7;2;28.6
603629.SH;Lettall;9;1;11.1
603630.SH;Lafang;7;1;14.3
603633.SH;Laimu Electronics;9;3;33.3
603636.SH;Linewell;7;1;14.3
603638.SH;Eddie;9;1;11.1
603639.SH;Hailir;9;2;22.2
603648.SH;SLC;12;2;16.7
603650.SH;Red Avenue;9;1;11.1
603655.SH;JMP;7;2;28.6
603656.SH;Taiho;7;1;14.3
603657.SH;JCT;8;1;12.5
603658.SH;Autobio;12;4;33.3
603659.SH;Putailai;6;1;16.7
603660.SH;Kedacom;7;0;0.0
603661.SH;Henglin;7;3;42.9
603662.SH;KL;9;2;22.2
603663.SH;FSM;10;2;20.0
603665.SH;KLD;5;0;0.0
603666.SH;Yijiahe;6;2;33.3
603667.SH;XCC;7;2;28.6
603668.SH;Tianma Tech;9;1;11.1
603669.SH;Lionco;7;3;42.9
603676.SH;Tibet Weixinkang;8;4;50.0
603677.SH;Qijing Machine;8;0;0.0
603678.SH;Torch Electron;9;1;11.1
603679.SH;Huati Technology;7;1;14.3
603680.SH;KTK Group;;;
603681.SH;Shanghai Yongguan;9;3;33.3
603682.SH;Golden Union;9;7;77.8
603683.SH;JH;7;2;28.6
603685.SH;Zhejiang Chenfeng;8;2;25.0
603686.SH;Fulongma;7;1;14.3
603687.SH;Zhejiang Great Shengda;7;1;14.3
603688.SH;Pacific Quartz;9;3;33.3
603689.SH;ANG;;;
603690.SH;PNC;5;1;20.0
603693.SH;JSNE;9;0;0.0
603696.SH;Anji Food;7;2;28.6
603697.SH;Youyou Foods;7;2;28.6
603698.SH;CECO;;;
603699.SH;Neway;9;2;22.2
603700.SH;NWM;;;
603701.SH;Zhejiang Dehong;9;2;22.2
603703.SH;SY Science&Technology;9;1;11.1
603706.SH;DFHY;9;3;33.3
603707.SH;NKF;6;1;16.7
603708.SH;Jiajiayue;7;5;71.4
603709.SH;ZOY;7;2;28.6
603711.SH;Xiangpiaopiao Food;9;4;44.4
603712.SH;Tianjin 712;11;4;36.4
603713.SH;Milkyway;5;1;20.0
603716.SH;Thalys;9;1;11.1
603718.SH;Hile;7;2;28.6
603719.SH;Bestore;9;2;22.2
603721.SH;TVZone;8;2;25.0
603722.SH;Acryl;9;2;22.2
603725.SH;Tianan New Material;9;3;33.3
603726.SH;Langdi Group;9;1;11.1
603727.SH;Bomesc;9;0;0.0
603728.SH;Moons';9;2;22.2
603729.SH;OBM;5;1;20.0
603730.SH;Daimay;6;1;16.7
603733.SH;Xianhe;9;1;11.1
603737.SH;Skshu;7;2;28.6
603738.SH;TKD;7;2;28.6
603739.SH;Vland;;;
603755.SH;Qingdao Richen;;;
603757.SH;Dayuan Pump;9;3;33.3
603758.SH;Qame;;;
603759.SH;Haitian Group;9;2;22.2
603766.SH;Loncin;9;0;0.0
603767.SH;Zomax;7;1;14.3
603768.SH;Hefei Changqing;9;0;0.0
603773.SH;WG Tech;7;1;14.3
603776.SH;Evesafe;9;1;11.1
603777.SH;Lyfen;11;3;27.3
603778.SH;Qianjing Landscape;5;2;40.0
603779.SH;WLGF;9;2;22.2
603786.SH;Keboda;9;0;0.0
603787.SH;Xinri E-Vehicle;9;2;22.2
603788.SH;NBGF;;;
603789.SH;TAM;9;3;33.3
603790.SH;Argus;9;3;33.3
603797.SH;Landtie;7;1;14.3
603798.SH;Copton;8;2;25.0
603799.SH;Huayou Cobalt;9;3;33.3
603800.SH;HT;;;
603801.SH;Zbom;9;2;22.2
603803.SH;Raisecom;9;1;11.1
603806.SH;First;9;3;33.3
603808.SH;Ellassay;8;1;12.5
603809.SH;Haoneng Tech;9;4;44.4
603810.SH;Fengshan;8;2;25.0
603811.SH;Cheng Yi;;;
603813.SH;Gensho-Logistics;5;3;60.0
603815.SH;Anhui Gourgen;;;
603816.SH;Kuka;9;2;22.2
603817.SH;Haihuan;9;7;77.8
603818.SH;Qumei Home;11;4;36.4
603819.SH;Changshen;7;1;14.3
603822.SH;Zhejiang Jiaao;8;1;12.5
603823.SH;Lily;9;1;11.1
603825.SH;Hylink;7;5;71.4
603826.SH;Kuncai Technology;5;0;0.0
603828.SH;Kelida;9;0;0.0
603829.SH;Rocoi;11;1;9.1
603833.SH;Oppein;7;0;0.0
603836.SH;Bondex;6;2;33.3
603838.SH;Sitong;7;1;14.3
603839.SH;Anzheng Fashion;6;0;0.0
603843.SH;Zhengping Road;7;0;0.0
603848.SH;Hotata;5;2;40.0
603855.SH;Warom;8;0;0.0
603856.SH;Donghong Pipe;9;0;0.0
603858.SH;Buchang Pharma;12;3;25.0
603859.SH;Nancal;9;2;22.2
603860.SH;Roadmaint;9;1;11.1
603861.SH;BYE;11;2;18.2
603863.SH;SY;7;2;28.6
603866.SH;Toly Bread;9;4;44.4
603867.SH;Zhejiang Xinhua Chemical;9;0;0.0
603868.SH;Flyco;7;1;14.3
603869.SH;Beibu Gulf Tourism;9;3;33.3
603871.SH;Jiayou International;7;3;42.9
603876.SH;Jiangsu Dingsheng;9;4;44.4
603877.SH;Peacebird;9;1;11.1
603878.SH;Wujin Stainless;9;4;44.4
603879.SH;Yongyue;6;1;16.7
603880.SH;Nanfang Medical;6;1;16.7
603881.SH;Athub;9;2;22.2
603882.SH;KingMed Diagnostics;9;2;22.2
603883.SH;LBX Drugs;9;1;11.1
603885.SH;Juneyao Air;9;2;22.2
603886.SH;Ganso;9;2;22.2
603887.SH;Shanghai Chengdi;7;1;14.3
603888.SH;XHW;15;2;13.3
603889.SH;Xinao Textile;9;2;22.2
603890.SH;Chunqiu Electronics;7;2;28.6
603893.SH;Rockchip;6;1;16.7
603895.SH;TL Science;7;2;28.6
603896.SH;Shouxiangu;9;3;33.3
603897.SH;Zhejiang Grandwall;9;0;0.0
603898.SH;Holike;5;2;40.0
603899.SH;M&G Shares;7;1;14.3
603900.SH;Leysen 1855;9;4;44.4
603901.SH;Youngsun Intelligent;7;4;57.1
603903.SH;CSD Water Service;9;2;22.2
603906.SH;Lopal;10;2;20.0
603908.SH;Outdoor Mobi Garden;8;3;37.5
603909.SH;Jianfa Hecheng;9;0;0.0
603912.SH;Canatal;9;2;22.2
603915.SH;Guomao;7;0;0.0
603916.SH;SBT;7;1;14.3
603917.SH;HLGY;9;0;0.0
603918.SH;SHGBIT;9;1;11.1
603919.SH;Jinhui Liquor;11;2;18.2
603920.SH;Olympic;7;1;14.3
603922.SH;JHS;5;0;0.0
603926.SH;Zhejiang Tieliu;9;0;0.0
603927.SH;Sinosoft;9;2;22.2
603928.SH;Xingye;8;1;12.5
603929.SH;L&K;9;2;22.2
603931.SH;Greenda;7;2;28.6
603933.SH;Raynen;7;0;0.0
603936.SH;Bomin Electronics;6;1;16.7
603937.SH;Lidao;9;3;33.3
603938.SH;Sunfar;7;1;14.3
603939.SH;Yifeng Pharmacy;9;0;0.0
603948.SH;Zhejiang Jianye Chemical;7;1;14.3
603949.SH;Xuelong Group;9;4;44.4
603950.SH;CYDG;9;2;22.2
603955.SH;Daqian Ecology;7;1;14.3
603956.SH;WPG;9;1;11.1
603958.SH;Harson;9;4;44.4
603959.SH;Blest;9;2;22.2
603960.SH;Kelai Mechatronics;7;3;42.9
603966.SH;Eurocrane(China);7;1;14.3
603967.SH;China Master Logistics;11;1;9.1
603968.SH;NTAAC;11;1;9.1
603969.SH;Silvery Dragon;9;1;11.1
603970.SH;Sino-Agri Leading;9;4;44.4
603976.SH;Chongqing Zhengchuan;9;0;0.0
603977.SH;Guotai Group;7;0;0.0
603978.SH;Sunxing;9;1;11.1
603979.SH;JCHX;9;1;11.1
603982.SH;Nanjing Chervon;7;0;0.0
603983.SH;Marubi Biotech;10;1;10.0
603985.SH;HR;7;0;0.0
603986.SH;GigaDevice;9;3;33.3
603988.SH;SEC;9;3;33.3
603989.SH;Aihua Group;9;4;44.4
603990.SH;Meditech;5;1;20.0
603991.SH;Original;9;2;22.2
603992.SH;Solex;9;4;44.4
603993.SH;CMOC;9;1;11.1
603995.SH;YJKJ;9;3;33.3
603997.SH;Ningbo Jifeng Auto Parts;9;2;22.2
603998.SH;Fangsheng Pharmaceutical;6;2;33.3
603999.SH;DZCM;9;1;11.1
605001.SH;Victall;9;0;0.0
605003.SH;ZW;6;3;50.0
605005.SH;CWB;6;2;33.3
605006.SH;Shandong Fiberglass;9;2;22.2
605007.SH;Quzhou Wuzhou;8;4;50.0
605008.SH;Sroch;9;2;22.2
605009.SH;Haoyue;7;3;42.9
605011.SH;Hangzhou Cogeneration;9;2;22.2
605016.SH;Shandong Bailong;7;3;42.9
605018.SH;Zhejiang Changhua;7;2;28.6
605020.SH;Zhejiang Yonghe;9;0;0.0
605028.SH;Ningbo Shimao Energy;5;3;60.0
605033.SH;Meibang;9;2;22.2
605050.SH;Friend;7;0;0.0
605055.SH;Yingfeng Shares;11;4;36.4
605056.SH;Xianheng International;9;1;11.1
605058.SH;AOH;9;2;22.2
605060.SH;Allied Machinery;8;1;12.5
605068.SH;Mingxin Automotive;7;3;42.9
605069.SH;Zeho Waterfront;9;2;22.2
605080.SH;Zhejiang Natural Outdoor;8;3;37.5
605081.SH;Shanghai Taihe Water;9;3;33.3
605086.SH;Long Gao;7;1;14.3
605088.SH;GSP;10;3;30.0
605089.SH;Suzhou Weizhixiang;6;1;16.7
605090.SH;Jovo;9;4;44.4
605098.SH;Action Education;7;3;42.9
605099.SH;CCG;7;0;0.0
605100.SH;Power HF;7;2;28.6
605108.SH;Tongqinglou Catering;8;5;62.5
605111.SH;Cepower;9;1;11.1
605116.SH;Aurisco;9;1;11.1
605117.SH;Deye;9;1;11.1
605118.SH;Evetar;7;0;0.0
605122.SH;Chongqing Sifang;9;1;11.1
605123.SH;Wuxi Paike New Materials;5;1;20.0
605128.SH;Yanpu;9;2;22.2
605133.SH;Jiangsu Rongtai;7;1;14.3
605136.SH;Lily&Beauty;5;3;60.0
605138.SH;Sunrise;9;1;11.1
605151.SH;West Shanghai Auto;9;3;33.3
605155.SH;The Westward Gate;9;5;55.6
605158.SH;Zhejiang Huada New Materials;8;3;37.5
605162.SH;Zhejiang Xinzhonggang;9;1;11.1
605166.SH;Hangzhou Juheshun;7;2;28.6
605167.SH;LBT;9;0;0.0
605168.SH;Three's Company;7;2;28.6
605169.SH;Xinjiang Hongtong;9;4;44.4
605177.SH;East-Asia Pharmaceutical;7;1;14.3
605178.SH;NN;7;1;14.3
605179.SH;INM;9;3;33.3
605180.SH;Huasheng;8;1;12.5
605183.SH;Q&C;7;1;14.3
605186.SH;General Healthy;8;3;37.5
605188.SH;Guoguang;9;4;44.4
605189.SH;Wuhu Fuchun;9;2;22.2
605198.SH;Andre;9;2;22.2
605199.SH;Hainan Huluwa;7;4;57.1
605208.SH;Shanghai Yongmaotai;9;1;11.1
605218.SH;Ways;8;1;12.5
605222.SH;Shanghai Qifan Cable;9;0;0.0
605228.SH;Shentong;8;4;50.0
605255.SH;TPAP Shares;5;2;40.0
605258.SH;CXH;9;2;22.2
605259.SH;Lutian;7;5;71.4
605266.SH;Yunnan Jianzhijia;7;2;28.6
605268.SH;Wonly;7;2;28.6
605277.SH;Xinya;9;2;22.2
605287.SH;Decai;9;2;22.2
605288.SH;Kaidi;9;3;33.3
605289.SH;Luoman;9;2;22.2
605296.SH;Yunnan Shennong;9;4;44.4
605298.SH;JYBD;8;1;12.5
605299.SH;Shuhua Sports;9;2;22.2
605300.SH;Jiahe Foods;7;0;0.0
605303.SH;Hangzhou Landscaping;7;1;14.3
605305.SH;3S Lift;9;2;22.2
605318.SH;Fsilon;7;0;0.0
605319.SH;Wuxi Zhenhua;8;0;0.0
605333.SH;Kunshan Huguang;9;1;11.1
605336.SH;Sanfer;8;3;37.5
605337.SH;Liziyuan;9;1;11.1
605338.SH;Zhongyin Babi Food;5;0;0.0
605339.SH;Namchow Food;9;2;22.2
605358.SH;Lion;9;1;11.1
605365.SH;Leedarson;9;3;33.3
605366.SH;HP;9;1;11.1
605368.SH;LTRQ;9;4;44.4
605369.SH;Gongdong;8;1;12.5
605376.SH;Jiangsu Boqian New Material;9;1;11.1
605377.SH;Huawon;9;2;22.2
605378.SH;Mustang;11;0;0.0
605388.SH;Juneyao Health;9;3;33.3
605389.SH;Jiangsu Changling Hydraulic;9;3;33.3
605398.SH;SNC Net;9;3;33.3
605399.SH;Chenguang Xincai;7;0;0.0
605488.SH;Fulai;8;1;12.5
605499.SH;Eastroc Beverage;10;3;30.0
605500.SH;Forest Packaging;8;1;12.5
605507.SH;Guobang Pharma;9;0;0.0
605555.SH;YDC;7;3;42.9
605566.SH;Flariant;9;2;22.2
605567.SH;Springsnow;9;2;22.2
605577.SH;Heilongjiang Publishing;9;2;22.2
605580.SH;Hengsheng Energy;7;1;14.3
605588.SH;Keystone;6;2;33.3
605589.SH;Jinan Shengquan Group;7;0;0.0
605598.SH;Geoharbour;8;0;0.0
605599.SH;Caibai Jewelry;11;4;36.4
688001.SH;Suzhou HYC;7;3;42.9
688002.SH;Raytron;7;0;0.0
688003.SH;TZTek;7;0;0.0
688004.SH;BroadV;7;1;14.3
688005.SH;Ronbay Technology;9;3;33.3
688006.SH;Hangke Technology;7;1;14.3
688007.SH;Appotronics;7;2;28.6
688008.SH;Montage Technology;8;3;37.5
688009.SH;CRSC;6;1;16.7
688010.SH;Ricom;9;4;44.4
688011.SH;Harbin Xinguang;7;2;28.6
688012.SH;AMEC;9;1;11.1
688013.SH;Touchstone;7;4;57.1
688015.SH;TCT;12;3;25.0
688016.SH;Endovastec;9;2;22.2
688017.SH;LeaderDrive;9;0;0.0
688018.SH;Espressif;7;3;42.9
688019.SH;Anji;7;2;28.6
688021.SH;Aofu;8;0;0.0
688022.SH;Harmontronics;7;0;0.0
688023.SH;DBAPPSecurity;11;1;9.1
688025.SH;JPT;9;0;0.0
688026.SH;Jet Biofil;7;3;42.9
688027.SH;QuantumCTek;11;2;18.2
688028.SH;Worldia;7;1;14.3
688029.SH;MTM;9;0;0.0
688030.SH;Hillstone;11;1;9.1
688031.SH;Xinghuan Technology;10;3;30.0
688032.SH;Hoymiles;11;2;18.2
688033.SH;TYSJ;9;2;22.2
688035.SH;Darbond;9;2;22.2
688036.SH;Transsion;10;2;20.0
688038.SH;CITMS;9;2;22.2
688039.SH;Arcvideo Tech;9;2;22.2
688041.SH;Hygon;10;5;50.0
688045.SH;Kiwi Instruments;7;1;14.3
688046.SH;GemPharmatech;9;2;22.2
688047.SH;Loongson Technology;9;1;11.1
688048.SH;Ever Bright;7;1;14.3
688049.SH;Actions;7;3;42.9
688050.SH;Eyebright;9;3;33.3
688051.SH;Rockontrol;9;4;44.4
688052.SH;Novosense;9;2;22.2
688053.SH;Screen;7;0;0.0
688055.SH;IVO;9;4;44.4
688056.SH;LT;7;4;57.1
688057.SH;JDL;5;2;40.0
688059.SH;Huarui Tool;7;0;0.0
688060.SH;YYTek;7;2;28.6
688061.SH;Orient-Chip;5;1;20.0
688062.SH;Mabwell;10;2;20.0
688063.SH;Pylon Tech;9;1;11.1
688065.SH;Cathay;9;2;22.2
688066.SH;Beijing Piesat;9;1;11.1
688067.SH;AVE;7;2;28.6
688068.SH;Hotgen;7;4;57.1
688069.SH;Wuxi Delinhai;6;1;16.7
688070.SH;Jouav;5;1;20.0
688071.SH;W-Ibeda;9;3;33.3
688072.SH;Piotech;9;3;33.3
688073.SH;Bide Pharmatech;7;3;42.9
688075.SH;Assure Tech;7;1;14.3
688076.SH;Sinopep;9;1;11.1
688077.SH;Earth-Panda;9;1;11.1
688078.SH;Longruan Technologies;8;2;25.0
688079.SH;MDK;5;1;20.0
688080.SH;InHand;8;3;37.5
688081.SH;Wuhan Xingtu;7;3;42.9
688082.SH;ACM Research;7;1;14.3
688083.SH;ZWSOFT;8;0;0.0
688084.SH;Jingpin;9;1;11.1
688085.SH;Sanyou;9;3;33.3
688088.SH;ArcSoft;9;0;0.0
688089.SH;Cabio;7;0;0.0
688090.SH;Risong;7;2;28.6
688091.SH;Yizhong Pharma;6;3;50.0
688092.SH;iEcho;5;1;20.0
688093.SH;Shihua;9;1;11.1
688095.SH;Foxit;7;2;28.6
688096.SH;Jiangsu Jingyuan;9;2;22.2
688097.SH;Bozhon;8;1;12.5
688098.SH;Shanghai Shen Lian;9;0;0.0
688099.SH;Amlogic;7;2;28.6
688100.SH;Willfar;9;2;22.2
688101.SH;Suntar;7;1;14.3
688102.SH;Sirui;7;2;28.6
688103.SH;Sinic;7;2;28.6
688105.SH;Vazyme;9;1;11.1
688106.SH;Jinhong Gas;9;1;11.1
688107.SH;Shanghai Anlogic;9;1;11.1
688108.SH;Sinomed;9;2;22.2
688109.SH;PMSBIM;9;1;11.1
688110.SH;Dosilicon;9;3;33.3
688111.SH;KingOfToffice;9;2;22.2
688112.SH;Siglent;9;1;11.1
688113.SH;Liantong Dynamometer;9;0;0.0
688114.SH;MGI;10;2;20.0
688115.SH;Guangzhou The Internet;9;2;22.2
688116.SH;CNANO;9;3;33.3
688117.SH;Chengdu Sheng Nuo;9;2;22.2
688118.SH;Primeton;8;2;25.0
688119.SH;Sinosteel;9;1;11.1
688120.SH;Hwatsing;9;1;11.1
688121.SH;Supezet;7;1;14.3
688122.SH;Western Superconducting Technologies;11;1;9.1
688123.SH;Giantec Semiconductor;7;2;28.6
688125.SH;Andaas;7;1;14.3
688126.SH;NSIG;9;2;22.2
688127.SH;Lante Optics;9;2;22.2
688128.SH;CEI;11;2;18.2
688129.SH;Donglai;7;1;14.3
688130.SH;SDIC Micro;7;1;14.3
688131.SH;Haoyuan Chemexpress;7;3;42.9
688132.SH;Bangyan;7;2;28.6
688135.SH;Leadyo;9;2;22.2
688136.SH;Kexing Biopharm;8;2;25.0
688137.SH;Novoprotein;9;0;0.0
688138.SH;Upermask;11;2;18.2
688139.SH;Qingdao Haier Biomedical;9;3;33.3
688141.SH;Joulwatt;9;3;33.3
688143.SH;YOEC;9;0;0.0
688146.SH;Peric;9;0;0.0
688147.SH;Leadmicro;6;1;16.7
688148.SH;Fangyuan Shares;9;1;11.1
688150.SH;LTOM;7;4;57.1
688152.SH;Kylinsec;7;2;28.6
688153.SH;Vanchip;11;5;45.5
688155.SH;SK;7;1;14.3
688156.SH;Road Environment;7;0;0.0
688157.SH;Sokan;7;1;14.3
688158.SH;UCloud;8;1;12.5
688159.SH;Neoway;8;2;25.0
688160.SH;Kinco;7;1;14.3
688161.SH;Shandong Weigao Ortho;9;3;33.3
688162.SH;JEE;9;2;22.2
688163.SH;Shanghai Serum;9;1;11.1
688165.SH;Efort;9;2;22.2
688166.SH;Brightgene;11;7;63.6
688167.SH;Focuslight Technologies;7;2;28.6
688168.SH;ABT;9;1;11.1
688169.SH;Roborock;8;3;37.5
688170.SH;Delphilaser;8;1;12.5
688171.SH;Weide Info;5;0;0.0
688172.SH;Beijing Yandong Microelectronic;12;3;25.0
688173.SH;Halo Microelectronics;8;3;37.5
688175.SH;Comleader Information;8;0;0.0
688176.SH;Yahong Pharmaceutical;8;2;25.0
688177.SH;Bio-Thera;9;1;11.1
688178.SH;Wondux;9;1;11.1
688179.SH;Aladdin;7;2;28.6
688180.SH;Junshi Bio;14;3;21.4
688181.SH;Bayi Space;9;4;44.4
688182.SH;Caiqin Technology;7;2;28.6
688183.SH;SYE;9;2;22.2
688184.SH;Zhejiang Power New Energy;7;0;0.0
688185.SH;CanSino Biologics;7;2;28.6
688186.SH;GDTC;6;3;50.0
688187.SH;Zhuzhou CRRC Times Electric;8;2;25.0
688188.SH;Shanghai Friendess Electronic Technology;7;1;14.3
688189.SH;Nucien;7;2;28.6
688190.SH;Qingdao Yunlu;14;4;28.6
688191.SH;Zhiyang Innovation;9;2;22.2
688192.SH;Dizal;8;3;37.5
688193.SH;Rendu Biotechnology;7;2;28.6
688195.SH;Optowide;7;2;28.6
688196.SH;Zhuoneng;7;3;42.9
688197.SH;Shouyao Holdings;6;0;0.0
688198.SH;Balance Medical;9;3;33.3
688199.SH;Jiuri Chemical;9;2;22.2
688200.SH;Accotest;8;1;12.5
688201.SH;Infosec;7;1;14.3
688202.SH;Medicilon;9;3;33.3
688205.SH;Taclink;9;1;11.1
688206.SH;Primarius;8;0;0.0
688207.SH;Dedep;5;2;40.0
688208.SH;Autel;7;3;42.9
688209.SH;Injoinic;5;0;0.0
688210.SH;Pacific Union;9;2;22.2
688211.SH;Wayz Intelligent;9;5;55.6
688212.SH;Aohua Endoscope;7;2;28.6
688213.SH;SI-Tech;9;2;22.2
688215.SH;RSIT;7;0;0.0
688216.SH;CPC;7;1;14.3
688217.SH;Rightongene;8;3;37.5
688218.SH;BR-Robot;6;1;16.7
688219.SH;Orinko;8;1;12.5
688220.SH;ASR Microelectronics;9;2;22.2
688221.SH;Frontier Biotechnologies;7;2;28.6
688222.SH;HitGen;9;2;22.2
688223.SH;JinkoSolar;7;1;14.3
688225.SH;AsiaInfo Security;9;2;22.2
688226.SH;Wetown Electric;9;1;11.1
688227.SH;Bingo;6;2;33.3
688228.SH;UCAP;7;1;14.3
688229.SH;Bonree;7;1;14.3
688230.SH;Prisemi;7;1;14.3
688232.SH;Epoint;7;1;14.3
688233.SH;Thinkonsemi;9;1;11.1
688234.SH;Tianyue Advanced;8;2;25.0
688235.SH;BeiGene;11;3;27.3
688236.SH;Chunli;8;3;37.5
688237.SH;Hubei Chaozhuo;9;3;33.3
688238.SH;Hoyuan Biotech;9;3;33.3
688239.SH;GATD;5;0;0.0
688244.SH;Integrity;7;0;0.0
688246.SH;Jiahe Meikang;7;0;0.0
688247.SH;Sinotherapeutics;8;0;0.0
688248.SH;China Southern Power Grid Technology;8;2;25.0
688249.SH;Nexchip;9;1;11.1
688251.SH;Gen-Song;7;2;28.6
688252.SH;Jadard;7;0;0.0
688253.SH;Innovita;9;2;22.2
688255.SH;Kaierda;9;0;0.0
688256.SH;Cambricon;9;1;11.1
688257.SH;Shareate;7;1;14.3
688258.SH;Eazytec;9;4;44.4
688259.SH;Triductor;9;0;0.0
688260.SH;Suzhou GYZ;9;1;11.1
688261.SH;Oriental Semi;8;2;25.0
688262.SH;C*Core;7;2;28.6
688265.SH;SMT;11;2;18.2
688266.SH;Zegen Pharma;9;3;33.3
688267.SH;China Catalyst;9;2;22.2
688268.SH;Huate Gas;8;1;12.5
688269.SH;Kaili Catalyst;9;1;11.1
688270.SH;GMTC;7;0;0.0
688271.SH;United Imaging;9;0;0.0
688272.SH;FJR;9;2;22.2
688273.SH;Medlander;8;1;12.5
688275.SH;Wanrun New Energy;6;1;16.7
688276.SH;BCHT;11;2;18.2
688277.SH;Tianzhihang;8;1;12.5
688278.SH;Xiamen Amoytop Biotech;9;3;33.3
688279.SH;Fortior Tech;5;1;20.0
688280.SH;JJE-UW;7;4;57.1
688281.SH;Huaqin Technology;7;1;14.3
688282.SH;Beijing Navigation;7;2;28.6
688283.SH;KSW-Tech;7;0;0.0
688285.SH;REG;8;0;0.0
688286.SH;Memsensing;7;3;42.9
688287.SH;Watch Defense;8;1;12.5
688288.SH;HQSY;7;0;0.0
688289.SH;Sansure Biotech;11;1;9.1
688290.SH;Hangzhou Jingye;9;3;33.3
688291.SH;JCZ;9;3;33.3
688292.SH;Vast Depths;5;0;0.0
688293.SH;OPM;9;3;33.3
688295.SH;Zhongfu Shenying Carbon Fiber;8;3;37.5
688296.SH;Heda;7;2;28.6
688297.SH;AVIC;9;1;11.1
688298.SH;Zhejiang Orient Gene Biotech;7;3;42.9
688299.SH;Solartron;7;2;28.6
688300.SH;Novoray;7;2;28.6
688301.SH;iRay;9;0;0.0
688303.SH;Daqo;9;0;0.0
688305.SH;Kede CNC;9;3;33.3
688306.SH;Automation;9;2;22.2
688307.SH;Zmax;7;2;28.6
688308.SH;OKE;6;0;0.0
688310.SH;Maider;8;1;12.5
688311.SH;M&S Electronics;7;1;14.3
688312.SH;Yanmade;6;1;16.7
688313.SH;Shijia;9;2;22.2
688314.SH;Kontour;9;3;33.3
688315.SH;Novogene;5;2;40.0
688316.SH;QingCloud;7;0;0.0
688317.SH;Liferiver;5;1;20.0
688318.SH;Wealth Trend;7;0;0.0
688319.SH;Olymvax;9;3;33.3
688320.SH;HCFA;9;1;11.1
688321.SH;Chipscreen;9;2;22.2
688322.SH;OBI Zhongguang;10;2;20.0
688323.SH;Rayitek;8;2;25.0
688325.SH;Cellwise;7;0;0.0
688327.SH;CloudWalk;9;1;11.1
688328.SH;S-King;7;0;0.0
688329.SH;Iron Technology;8;4;50.0
688330.SH;Holystar;8;2;25.0
688331.SH;RemeGen;9;1;11.1
688332.SH;Bluetrum;5;2;40.0
688333.SH;Bright Laser Technologies;9;1;11.1
688334.SH;Xihari;8;4;50.0
688335.SH;Fujie Group;9;2;22.2
688336.SH;Guojian Pharmaceutical;7;4;57.1
688337.SH;Rigol;7;1;14.3
688338.SH;Succeeder;9;4;44.4
688339.SH;SinoHytec;8;3;37.5
688343.SH;Flow;7;3;42.9
688345.SH;Greenway;5;1;20.0
688347.SH;H-Grace;8;1;12.5
688348.SH;APsystems;7;1;14.3
688349.SH;Sany Renewable Energy;9;1;11.1
688350.SH;Feymer;9;2;22.2
688351.SH;MEEC;9;2;22.2
688352.SH;Qizhong Technology;9;3;33.3
688353.SH;HSC Corporation;9;1;11.1
688355.SH;Mingzhi Technology;7;2;28.6
688356.SH;JenKem Technology;8;6;75.0
688357.SH;Jalon;8;1;12.5
688358.SH;Chison Medical;6;1;16.7
688359.SH;Guangzhou Sanfu;9;2;22.2
688360.SH;Damon;9;1;11.1
688362.SH;Forehope Electronics;7;0;0.0
688363.SH;Bloomage Biotech;9;2;22.2
688365.SH;Hangzhou Raycloud;7;0;0.0
688366.SH;Shanghai Haohai Biological;11;2;18.2
688367.SH;Gocom;6;2;33.3
688368.SH;Bright Power Semiconductor;5;1;20.0
688369.SH;Seeyon;7;0;0.0
688370.SH;Conglin Environment;7;0;0.0
688371.SH;Favored;9;3;33.3
688372.SH;V-Test;8;2;25.0
688373.SH;MicuRx;7;2;28.6
688375.SH;CETC;9;1;11.1
688376.SH;Mayair;7;1;14.3
688377.SH;Develop;8;2;25.0
688378.SH;OLED Material Tech;9;2;22.2
688379.SH;Huaguang;7;5;71.4
688380.SH;CMSemicon;6;2;33.3
688381.SH;Dioo;5;1;20.0
688382.SH;InventisBio;9;2;22.2
688383.SH;Hoson;7;2;28.6
688385.SH;Fudan Micro;11;4;36.4
688386.SH;Microvent;9;1;11.1
688387.SH;CICT Mobile;11;2;18.2
688388.SH;Guangdong Jia Yuan Technology;9;1;11.1
688389.SH;Lifotronic;9;2;22.2
688390.SH;GoodWe;7;2;28.6
688391.SH;Hitrendtech;7;1;14.3
688393.SH;LBP;9;2;22.2
688395.SH;Sinee;5;0;0.0
688396.SH;CRM;9;1;11.1
688398.SH;Fujian Supertech;7;2;28.6
688399.SH;Bioperfectus;9;1;11.1
688400.SH;Luster;9;2;22.2
688401.SH;Newway;7;1;14.3
688403.SH;Huicheng Shares;9;1;11.1
688408.SH;Arctech Solar;7;1;14.3
688410.SH;Jiangxi Shanwaishan;9;2;22.2
688411.SH;Harbour Centre;9;0;0.0
688416.SH;Zbit;5;1;20.0
688418.SH;Genew Technologies;8;0;0.0
688419.SH;Nextool Technology;9;1;11.1
688420.SH;Tianjin Meiteng;9;2;22.2
688425.SH;CRCC;8;0;0.0
688426.SH;CWBIO;9;5;55.6
688428.SH;InnoCare;7;4;57.1
688429.SH;Shichuang Energy;9;1;11.1
688432.SH;GRINM Semiconductor;9;2;22.2
688433.SH;Farsoon;12;3;25.0
688435.SH;Shanghai Information2;9;2;22.2
688439.SH;Guizhou Zhenhua Fengguang;7;1;14.3
688443.SH;Genrix Bio;7;0;0.0
688448.SH;Cigu;9;3;33.3
688449.SH;United Cloud;7;2;28.6
688450.SH;Agor Tech;9;1;11.1
688455.SH;Kengic;9;3;33.3
688456.SH;GRINM Powder;7;0;0.0
688458.SH;Maxic;6;2;33.3
688459.SH;CRTC;9;2;22.2
688466.SH;Greentech;7;2;28.6
688468.SH;Chemclin Diagnostics;9;4;44.4
688469.SH;Xinlian Integration;11;1;9.1
688472.SH;CanadianSolar;9;1;11.1
688475.SH;EZVIZ;8;2;25.0
688478.SH;CGEE;7;1;14.3
688479.SH;Yonyou Auto;8;2;25.0
688480.SH;Science Environmental;7;0;0.0
688484.SH;Southchip;9;2;22.2
688485.SH;Jiu Zhou Yi Gui;8;2;25.0
688486.SH;Lontium Semiconductor;6;2;33.3
688488.SH;Aidea Pharma;9;4;44.4
688489.SH;Sansec;8;2;25.0
688496.SH;Qingyue;5;0;0.0
688498.SH;Origin of Excellence;9;2;22.2
688499.SH;Lyric Robot;7;1;14.3
688500.SH;HCR;7;2;28.6
688501.SH;Qingda;9;1;11.1
688502.SH;Mloptic;6;3;50.0
688503.SH;Fusion;9;1;11.1
688505.SH;Fudan-Zhangjiang;8;3;37.5
688506.SH;Bailitianheng;9;1;11.1
688507.SH;Shanghai Suochen;7;2;28.6
688508.SH;Chipown;7;1;14.3
688509.SH;Zhengyuan Geomatics;9;2;22.2
688510.SH;Hyatech;9;3;33.3
688511.SH;Sichuan Tianwei;8;0;0.0
688512.SH;Wise Semi;6;2;33.3
688513.SH;Easton Bio;9;3;33.3
688515.SH;Yutaiwei;7;2;28.6
688516.SH;Autowell;9;2;22.2
688517.SH;Jinguan Electric;9;2;22.2
688518.SH;United Winners;7;0;0.0
688519.SH;Nouya;9;2;22.2
688520.SH;SCT;7;1;14.3
688521.SH;VeriSilicon;12;2;16.7
688522.SH;Naruida;6;1;16.7
688523.SH;Hunan Aerospace Huanyu;9;2;22.2
688525.SH;Biwin;9;1;11.1
688526.SH;Wuhan Keqian Biology;9;3;33.3
688528.SH;Chengdu Qinchuan;8;3;37.5
688529.SH;Haosen;9;3;33.3
688530.SH;Olimat;9;4;44.4
688531.SH;Unicomp;9;2;22.2
688533.SH;Sonavox;10;2;20.0
688535.SH;HHCK;6;1;16.7
688536.SH;3Peak;9;1;11.1
688538.SH;Everdisplay Optronics;10;1;10.0
688539.SH;Gova;9;1;11.1
688543.SH;Guoke Defense;7;1;14.3
688545.SH;Xingfu Electronics;7;2;28.6
688548.SH;Guangsteel Gas;9;2;22.2
688549.SH;Zhongju Xin;9;3;33.3
688550.SH;Xi'an Manareco;9;2;22.2
688551.SH;Kewell Power;11;2;18.2
688552.SH;CASIC;9;0;0.0
688553.SH;Huiyu Pharmaceutical;9;1;11.1
688556.SH;Gaoce;9;0;0.0
688557.SH;Bluesword;9;5;55.6
688558.SH;Guosheng;9;4;44.4
688559.SH;Hymson;9;1;11.1
688561.SH;Qianxin;7;0;0.0
688563.SH;Baimtec Material;9;2;22.2
688565.SH;Hypsr;9;5;55.6
688566.SH;Jiangsu Jibeier;7;0;0.0
688567.SH;Farasis;14;2;14.3
688568.SH;Geovis;11;2;18.2
688569.SH;TKRT;9;0;0.0
688570.SH;TMIC;9;2;22.2
688571.SH;Hangzhou Toka;8;2;25.0
688573.SH;Shenzhen Xinyuren Technology;9;2;22.2
688575.SH;YHLO;8;0;0.0
688576.SH;Xishan;9;2;22.2
688577.SH;Headman;8;1;12.5
688578.SH;Shanghai Allist Pharmaceuticals;9;2;22.2
688579.SH;Dareway;9;1;11.1
688580.SH;Vishee;7;1;14.3
688581.SH;Hangzhou AGS Medtech;5;1;20.0
688582.SH;Anhui XDLK Microsystem;9;1;11.1
688583.SH;Skan;7;2;28.6
688584.SH;Shanghai Hejing;9;1;11.1
688585.SH;Swancor;10;1;10.0
688588.SH;Linkage Software;7;2;28.6
688589.SH;LME;9;1;11.1
688590.SH;Ewtouch;7;0;0.0
688591.SH;Telink;9;4;44.4
688592.SH;ComNav;9;2;22.2
688593.SH;Shanghai New Vision;9;4;44.4
688595.SH;Chipsea;10;1;10.0
688596.SH;Gentech;7;3;42.9
688597.SH;Yupont;9;2;22.2
688598.SH;KBC;9;2;22.2
688599.SH;Trina Solar;9;3;33.3
688600.SH;Wayeal;6;0;0.0
688601.SH;Etek;9;2;22.2
688602.SH;Chemspec;7;3;42.9
688603.SH;Tiancheng Tech;6;1;16.7
688606.SH;Alltest;7;0;0.0
688607.SH;Careray Digital;9;1;11.1
688608.SH;BES;6;2;33.3
688609.SH;Unionman;7;1;14.3
688610.SH;I-Tek;9;1;11.1
688611.SH;Hangzhou Kelin;7;3;42.9
688612.SH;Vmax;7;1;14.3
688613.SH;Allgens;9;3;33.3
688615.SH;Hehe Information;9;1;11.1
688616.SH;Xili;9;2;22.2
688617.SH;APT Medical;9;2;22.2
688618.SH;3onedata;7;2;28.6
688619.SH;Ropeok;9;2;22.2
688620.SH;Ankai Micro;7;1;14.3
688621.SH;Sunnovo;9;3;33.3
688622.SH;TOF;9;2;22.2
688623.SH;SMI;7;3;42.9
688625.SH;GCH;7;0;0.0
688626.SH;Xiangyu Medical;7;2;28.6
688627.SH;Seichitech;9;1;11.1
688628.SH;Uni-T;9;1;11.1
688629.SH;Huafeng;9;3;33.3
688630.SH;CFMEE;9;3;33.3
688631.SH;LES;9;3;33.3
688633.SH;Xingqiu Graphite;9;6;66.7
688636.SH;Zhimingda;7;2;28.6
688638.SH;Utimes;9;0;0.0
688639.SH;AHB;9;1;11.1
688646.SH;Yifi Laser;9;0;0.0
688648.SH;China Post Technology;9;3;33.3
688651.SH;Webray;6;0;0.0
688652.SH;Jingyi Automation;9;1;11.1
688653.SH;GKCT;7;3;42.9
688655.SH;Shenzhen Xunjiexing;6;2;33.3
688656.SH;HOB;8;3;37.5
688657.SH;GstarSoft;9;2;22.2
688658.SH;Youcare;11;2;18.2
688659.SH;Yuanchen;9;4;44.4
688661.SH;Uigreen;7;2;28.6
688662.SH;Fuxin;9;0;0.0
688663.SH;FGI;9;2;22.2
688665.SH;Cubic Sensor;7;3;42.9
688667.SH;Lincontrol;7;2;28.6
688669.SH;PC;9;0;0.0
688670.SH;GDK Biotechnology;7;3;42.9
688671.SH;Bescient Technologies;8;3;37.5
688676.SH;Jinpan Technology;6;1;16.7
688677.SH;Novelbeam Technology;7;1;14.3
688678.SH;Freewon;7;4;57.1
688679.SH;Anhui Tongyuan;9;2;22.2
688680.SH;Hiuv;7;2;28.6
688681.SH;Kehui;9;1;11.1
688682.SH;Hollywave;5;2;40.0
688683.SH;Leary;9;1;11.1
688685.SH;Jiangsu Maixinlin;9;3;33.3
688686.SH;OPT Machine Vision;7;1;14.3
688687.SH;Kawin;7;2;28.6
688689.SH;Galaxy Microelectronics;7;2;28.6
688690.SH;NanoMicro;9;2;22.2
688691.SH;Brite Semiconductor;9;1;11.1
688692.SH;Wuhan Dameng Database;11;2;18.2
688693.SH;WIT;9;1;11.1
688696.SH;GIMI;6;2;33.3
688698.SH;Veichi;6;2;33.3
688699.SH;SM Micro;7;4;57.1
688700.SH;KSDW;11;0;0.0
688701.SH;Zone-King;8;1;12.5
688702.SH;Centec;9;1;11.1
688707.SH;ZEC;7;4;57.1
688709.SH;SMIT;9;2;22.2
688710.SH;Unisys;9;3;33.3
688711.SH;Macmic;8;2;25.0
688716.SH;Creek;9;3;33.3
688717.SH;Solax Power;9;1;11.1
688718.SH;Wave Cyber;6;1;16.7
688719.SH;Actionpower;9;0;0.0
688720.SH;ASEM;8;0;0.0
688721.SH;A Dragon Photomask;5;0;0.0
688722.SH;TYZ;9;3;33.3
688726.SH;La Paz;9;3;33.3
688728.SH;GalaxyCore;7;2;28.6
688733.SH;Anhui Estone;9;2;22.2
688737.SH;Sinocat;9;2;22.2
688739.SH;CDBio;9;0;0.0
688757.SH;Senko Nano;9;0;0.0
688766.SH;Puya;8;1;12.5
688767.SH;Hangzhou Biotest;7;0;0.0
688768.SH;Rounds;5;2;40.0
688772.SH;COSMX;9;0;0.0
688776.SH;Guoguang Electric;8;1;12.5
688777.SH;Supcon;8;1;12.5
688779.SH;Minmetals New Energy;8;2;25.0
688786.SH;Unifine;7;2;28.6
688787.SH;Speechocean;9;4;44.4
688788.SH;Consys;7;1;14.3
688789.SH;Atexco;7;0;0.0
688793.SH;Breo;7;3;42.9
688798.SH;Awinic;6;3;50.0
688799.SH;HN;9;0;0.0
688800.SH;Recodeal;7;0;0.0
688819.SH;Tianneng Battery Group;9;2;22.2
688981.SH;SMIC;9;1;11.1
689009.SH;No.9 Corporation;5;0;0.0
920000.BJ;Anhui Phoenix;9;1;11.1
920001.BJ;Winda;11;3;27.3
920002.BJ;Wanda Bearing;9;1;11.1
920006.BJ;Shengnan Technology;9;2;22.2
920008.BJ;CDG;9;2;22.2
920010.BJ;Kai Tian Gas;5;1;20.0
920016.BJ;Chinese Herbs;7;4;57.1
920017.BJ;Sunho;5;2;40.0
920019.BJ;Copper Crown;8;0;0.0
920021.BJ;LJ;7;0;0.0
920026.BJ;ZZI Lab;5;1;20.0
920030.BJ;Dezhong Automobile;9;1;11.1
920033.BJ;Kopperchem;6;2;33.3
920039.BJ;GMGITC;9;2;22.2
920046.BJ;Yinow Electric;5;2;40.0
920047.BJ;North Lande;9;3;33.3
920057.BJ;Zmbest;9;1;11.1
920058.BJ;Kayo;9;2;22.2
920060.BJ;Wan Yuan Tong;8;1;12.5
920061.BJ;Souwest;6;1;16.7
920062.BJ;KR;9;1;11.1
920066.BJ;Cobael;7;3;42.9
920068.BJ;Tiangong Group;9;2;22.2
920075.BJ;BXL Creative;6;2;33.3
920077.BJ;Tangu Carbon Fiber;8;1;12.5
920082.BJ;Founder Valve;9;0;0.0
920087.BJ;Qiule Seeds;9;4;44.4
920088.BJ;Keli Shares;8;3;37.5
920089.BJ;Hechang;6;3;50.0
920090.BJ;BJB;7;2;28.6
920098.BJ;Kelong;7;3;42.9
920099.BJ;Ruihua Technology;9;1;11.1
920106.BJ;Lintai New Material;7;2;28.6
920108.BJ;Unitas Hold;8;3;37.5
920110.BJ;Ltech;9;2;22.2
920111.BJ;JX;9;2;22.2
920116.BJ;Starmag;9;4;44.4
920118.BJ;Taihu Yuanda;7;4;57.1
920122.BJ;CTTC;5;3;60.0
920123.BJ;Bio-Technology;8;3;37.5
920128.BJ;Shengye Electric;8;1;12.5
920130.BJ;Reformer;8;3;37.5
920132.BJ;Taipeng;9;3;33.3
920139.BJ;Sino IC;9;4;44.4
920145.BJ;Henghe;7;2;28.6
920146.BJ;Huayang;9;0;0.0
920149.BJ;Jcon;9;1;11.1
920152.BJ;Hendera;9;2;22.2
920163.BJ;Fangda Packaging;9;5;55.6
920167.BJ;Tonyshare;8;5;62.5
920169.BJ;Qifeng;7;1;14.3
920171.BJ;Zhisheng Information;7;1;14.3
920174.BJ;Wuxin Tunneling;7;1;14.3
920179.BJ;KD Quartz;7;2;28.6
920184.BJ;Grandtech;6;2;33.3
920185.BJ;BTR;9;0;0.0
920190.BJ;RTX;9;3;33.3
920195.BJ;Sunsong;6;4;66.7
920198.BJ;Minimally Invasive;9;2;22.2
920199.BJ;Beoka;8;2;25.0
920204.BJ;HJCL;9;4;44.4
920207.BJ;Cocyber;9;1;11.1
920208.BJ;Greetec;10;0;0.0
920212.BJ;Genius;6;1;16.7
920221.BJ;EC Precision;8;1;12.5
920223.BJ;Ronnie Precision;7;4;57.1
920225.BJ;Letone;7;1;14.3
920227.BJ;Meideng;7;0;0.0
920230.BJ;Okay;7;3;42.9
920237.BJ;Lijia;9;2;22.2
920239.BJ;Changhong Energy;7;2;28.6
920242.BJ;Jianbang Technology;7;3;42.9
920245.BJ;Vibo Hydraulics;7;1;14.3
920247.BJ;Huami New Material;7;3;42.9
920249.BJ;Lierda;9;1;11.1
920252.BJ;TFL;8;0;0.0
920260.BJ;Zhonghuan;7;0;0.0
920261.BJ;Inov;9;2;22.2
920262.BJ;THX Silk;9;4;44.4
920263.BJ;ZHTD;7;3;42.9
920266.BJ;Bio Valley;9;3;33.3
920267.BJ;CHK;5;1;20.0
920270.BJ;T-Max;7;3;42.9
920271.BJ;Bangde;5;0;0.0
920273.BJ;YZ;9;3;33.3
920274.BJ;Hongyu Packaging;7;4;57.1
920275.BJ;Drive;5;2;40.0
920278.BJ;Lude Medical;9;0;0.0
920284.BJ;Lingood;8;1;12.5
920299.BJ;Shining Electric;6;0;0.0
920300.BJ;SHCG;9;1;11.1
920304.BJ;HY.DR;9;1;11.1
920305.BJ;Cstor;4;2;50.0
920339.BJ;Ever-Tie;7;1;14.3
920344.BJ;Ternary Genes;9;2;22.2
920346.BJ;Weimao;7;2;28.6
920357.BJ;Yabosion;5;0;0.0
920363.BJ;Laisai;9;3;33.3
920367.BJ;XGJ;7;2;28.6
920368.BJ;Linton;7;1;14.3
920370.BJ;Newange;9;1;11.1
920371.BJ;Ovodan;8;1;12.5
920374.BJ;Minew;7;0;0.0
920375.BJ;Pilot;7;1;14.3
920378.BJ;Taide;9;0;0.0
920394.BJ;Metastar;9;4;44.4
920395.BJ;Langhong Technology;5;1;20.0
920396.BJ;CDF;8;2;25.0
920403.BJ;KN Agritech;9;3;33.3
920405.BJ;Hysea;8;2;25.0
920407.BJ;Chicheng Electric;7;0;0.0
920414.BJ;OPT;9;3;33.3
920415.BJ;Forever OSS;7;2;28.6
920418.BJ;SZZH;9;2;22.2
920419.BJ;Luscious;9;1;11.1
920422.BJ;Mupro IFT.;8;3;37.5
920425.BJ;Leetro;7;0;0.0
920427.BJ;HWSJJT;5;0;0.0
920433.BJ;Datang Pharma;7;3;42.9
920436.BJ;NTGEC;9;3;33.3
920438.BJ;Gobicard;9;1;11.1
920445.BJ;Longtai;5;1;20.0
920454.BJ;Tongxin Transmission;7;2;28.6
920455.BJ;Hellon;5;2;40.0
920469.BJ;Fuheng New Material;6;1;16.7
920471.BJ;Meibang Tech.;7;2;28.6
920476.BJ;Hanon;7;2;28.6
920478.BJ;Apex Pharm;9;1;11.1
920489.BJ;BBJX;7;1;14.3
920491.BJ;Audiowell;8;2;25.0
920493.BJ;Paratera;9;3;33.3
920496.BJ;Xuji Intelligent;7;0;0.0
920504.BJ;Boxun Biotech;5;1;20.0
920505.BJ;Jingjulin Science and Technology;8;1;12.5
920508.BJ;In-To;6;2;33.3
920509.BJ;THEC;11;2;18.2
920510.BJ;Fengguang Precision;9;3;33.3
920519.BJ;Wonder;7;2;28.6
920522.BJ;Naknor;9;3;33.3
920523.BJ;Huiderui;6;1;16.7
920526.BJ;Kaihua Material;6;1;16.7
920527.BJ;A Bright Night;7;1;14.3
920541.BJ;Tieda Technology;7;2;28.6
920547.BJ;Wuxi Jinghai;6;1;16.7
920553.BJ;KTJG;7;3;42.9
920556.BJ;Yada;7;2;28.6
920564.BJ;Tirain;8;2;25.0
920566.BJ;ZTG;8;1;12.5
920570.BJ;Kunbo;5;1;20.0
920571.BJ;Guohang;9;0;0.0
920575.BJ;Health Guard;9;2;22.2
920576.BJ;Tianli;8;1;12.5
920578.BJ;JNRS;6;2;33.3
920580.BJ;KC;9;1;11.1
920593.BJ;Dingzhi Intelligent;9;2;22.2
920599.BJ;Tonly;9;1;11.1
920627.BJ;King;9;1;11.1
920634.BJ;Welllink;5;1;20.0
920639.BJ;CGCable;9;1;11.1
920640.BJ;Fujitec;9;2;22.2
920641.BJ;Gloria;9;2;22.2
920642.BJ;Tongyi Aerospace;7;0;0.0
920651.BJ;Ploumeter;7;0;0.0
920656.BJ;ZCPC;5;2;40.0
920662.BJ;Fullshare;7;0;0.0
920663.BJ;Mingyang;7;3;42.9
920665.BJ;Jiangsu Keqiang;9;3;33.3
920670.BJ;Digihuman;9;2;22.2
920679.BJ;The Progressive;9;3;33.3
920682.BJ;Spherical Cable;9;2;22.2
920685.BJ;Scientz Biotechnology;9;4;44.4
920689.BJ;Credit;9;3;33.3
920690.BJ;JZKJ;9;2;22.2
920693.BJ;Awit;7;1;14.3
920694.BJ;Zoyotech;7;2;28.6
920699.BJ;Haidaer;5;0;0.0
920701.BJ;Haosheng Electronic;9;4;44.4
920703.BJ;GSCE;5;2;40.0
920706.BJ;TTM;5;0;0.0
920717.BJ;Ruixing;9;1;11.1
920718.BJ;Gaoco;6;3;50.0
920719.BJ;NXXC;8;2;25.0
920720.BJ;Yoshioka;9;1;11.1
920725.BJ;Huifd;7;2;28.6
920726.BJ;Zhu Laoliu;7;1;14.3
920729.BJ;Winsun Bio;9;2;22.2
920735.BJ;Deyuan Pharmaceutical;9;2;22.2
920748.BJ;XMRBI;8;0;0.0
920753.BJ;Tiantex;7;2;28.6
920765.BJ;The Height of Beauty;7;4;57.1
920768.BJ;Speedbird;9;1;11.1
920770.BJ;Eng Energy;9;3;33.3
920779.BJ;Landian;5;2;40.0
920781.BJ;Cdrich;8;2;25.0
920786.BJ;Chevalese Dairy;9;2;22.2
920790.BJ;Liandi;5;0;0.0
920792.BJ;DHNM;7;3;42.9
920799.BJ;I2Soft;10;1;10.0
920802.BJ;Polygee;5;2;40.0
920806.BJ;LXC;8;3;37.5
920807.BJ;Monte Bianco;9;2;22.2
920808.BJ;Dawning and Innovation;7;3;42.9
920809.BJ;ADKJ;9;2;22.2
920810.BJ;JCTH;9;3;33.3
920819.BJ;Nutrichem;9;0;0.0
920821.BJ;Zecheng Electronics;9;1;11.1
920826.BJ;Gaishi Food;9;4;44.4
920832.BJ;QHX;9;0;0.0
920833.BJ;Mexin Yishen;9;2;22.2
920837.BJ;Watyuan Filters;9;0;0.0
920839.BJ;WTJX;7;2;28.6
920855.BJ;Danau;7;0;0.0
920856.BJ;Haomiao Technology;9;2;22.2
920857.BJ;Hong Xi Technology;5;2;40.0
920866.BJ;Luheng Group;7;2;28.6
920870.BJ;Heatking;7;2;28.6
920871.BJ;Painter;9;2;22.2
920876.BJ;Techvision;5;0;0.0
920879.BJ;Baset Technology;9;0;0.0
920885.BJ;Stars;9;2;22.2
920892.BJ;Guangzi International;9;3;33.3
920895.BJ;Huaxi;8;1;12.5
920896.BJ;CWC;9;2;22.2
920906.BJ;Sunyu Mould;7;1;14.3
920914.BJ;Sinonic;7;3;42.9
920924.BJ;Gcom;9;2;22.2
920925.BJ;Jinhao;7;1;14.3
920931.BJ;Wuxi Dingbang;9;1;11.1
920932.BJ;Keda Automation;9;1;11.1
920942.BJ;A Perpetual Drill;7;2;28.6
920943.BJ;Y&J;9;1;11.1
920946.BJ;Senxuan;7;2;28.6
920950.BJ;Shine;8;0;0.0
920957.BJ;CHNV;7;1;14.3
920961.BJ;Transcom;7;1;14.3
920964.BJ;Hebei Runnong;9;2;22.2
920970.BJ;Dayu Biological;7;1;14.3
920974.BJ;Kaida Catalyst;7;2;28.6
920976.BJ;Vision;7;2;28.6
920978.BJ;Kait;8;1;12.5
920981.BJ;Jingsai;9;1;11.1
920982.BJ;Jinbo;9;4;44.4
920985.BJ;Haitai New Energy;9;2;22.2
920992.BJ;Meling;9;3;33.3
